"Population","Case","Size","Replicate","Accuracy","FNR"
"Pop25","Train0.25_Test0.75","Equal",1,0.25,1
"Pop25","Train0.25_Test0.75","Equal",2,0.25,1
"Pop25","Train0.25_Test0.75","Equal",3,0.25,1
"Pop25","Train0.25_Test0.75","Equal",4,0.25,1
"Pop25","Train0.25_Test0.75","Equal",5,0.25,1
"Pop25","Train0.25_Test0.75","Train>Test",1,0.25,1
"Pop25","Train0.25_Test0.75","Train>Test",2,0.25,1
"Pop25","Train0.25_Test0.75","Train>Test",3,0.25,1
"Pop25","Train0.25_Test0.75","Train>Test",4,0.25,1
"Pop25","Train0.25_Test0.75","Train>Test",5,0.25,1
"Pop25","Train0.25_Test0.75","Test>Train",1,0.25,1
"Pop25","Train0.25_Test0.75","Test>Train",2,0.25,1
"Pop25","Train0.25_Test0.75","Test>Train",3,0.4306,0.7208
"Pop25","Train0.25_Test0.75","Test>Train",4,0.3006,0.922666666666667
"Pop25","Train0.25_Test0.75","Test>Train",5,0.3602,0.824533333333333
"Pop25","Train0.25_Test0.50","Equal",1,0.5,1
"Pop25","Train0.25_Test0.50","Equal",2,0.5,1
"Pop25","Train0.25_Test0.50","Equal",3,0.5,1
"Pop25","Train0.25_Test0.50","Equal",4,0.5,1
"Pop25","Train0.25_Test0.50","Equal",5,0.5,1
"Pop25","Train0.25_Test0.50","Train>Test",1,0.5,1
"Pop25","Train0.25_Test0.50","Train>Test",2,0.5,1
"Pop25","Train0.25_Test0.50","Train>Test",3,0.5,1
"Pop25","Train0.25_Test0.50","Train>Test",4,0.5,1
"Pop25","Train0.25_Test0.50","Train>Test",5,0.5,1
"Pop25","Train0.25_Test0.50","Test>Train",1,0.5,1
"Pop25","Train0.25_Test0.50","Test>Train",2,0.5,1
"Pop25","Train0.25_Test0.50","Test>Train",3,0.5204,0.9272
"Pop25","Train0.25_Test0.50","Test>Train",4,0.5432,0.8232
"Pop25","Train0.25_Test0.50","Test>Train",5,0.5296,0.9128
"Pop25","Train0.25_Test0.25","Equal",1,0.75,1
"Pop25","Train0.25_Test0.25","Equal",2,0.75,1
"Pop25","Train0.25_Test0.25","Equal",3,0.75,1
"Pop25","Train0.25_Test0.25","Equal",4,0.75,1
"Pop25","Train0.25_Test0.25","Equal",5,0.75,1
"Pop25","Train0.25_Test0.25","Train>Test",1,0.75,1
"Pop25","Train0.25_Test0.25","Train>Test",2,0.75,1
"Pop25","Train0.25_Test0.25","Train>Test",3,0.75,1
"Pop25","Train0.25_Test0.25","Train>Test",4,0.75,1
"Pop25","Train0.25_Test0.25","Train>Test",5,0.75,1
"Pop25","Train0.25_Test0.25","Test>Train",1,0.75,1
"Pop25","Train0.25_Test0.25","Test>Train",2,0.75,1
"Pop25","Train0.25_Test0.25","Test>Train",3,0.7378,0.852
"Pop25","Train0.25_Test0.25","Test>Train",4,0.7474,0.9736
"Pop25","Train0.25_Test0.25","Test>Train",5,0.7432,0.8712
"Pop50","Train0.50_Test0.75","Equal",1,0.6076,0.4192
"Pop50","Train0.50_Test0.75","Equal",2,0.6838,0.253066666666667
"Pop50","Train0.50_Test0.75","Equal",3,0.6462,0.348533333333333
"Pop50","Train0.50_Test0.75","Equal",4,0.6038,0.423466666666667
"Pop50","Train0.50_Test0.75","Equal",5,0.6554,0.325333333333333
"Pop50","Train0.50_Test0.75","Train>Test",1,0.622,0.392
"Pop50","Train0.50_Test0.75","Train>Test",2,0.665,0.318666666666667
"Pop50","Train0.50_Test0.75","Train>Test",3,0.639,0.36
"Pop50","Train0.50_Test0.75","Train>Test",4,0.638,0.357333333333333
"Pop50","Train0.50_Test0.75","Train>Test",5,0.606,0.426666666666667
"Pop50","Train0.50_Test0.75","Test>Train",1,0.575,0.448533333333333
"Pop50","Train0.50_Test0.75","Test>Train",2,0.6498,0.335466666666667
"Pop50","Train0.50_Test0.75","Test>Train",3,0.6944,0.246133333333333
"Pop50","Train0.50_Test0.75","Test>Train",4,0.628,0.388
"Pop50","Train0.50_Test0.75","Test>Train",5,0.6192,0.3832
"Pop50","Train0.50_Test0.50","Equal",1,0.6336,0.4176
"Pop50","Train0.50_Test0.50","Equal",2,0.621,0.2456
"Pop50","Train0.50_Test0.50","Equal",3,0.6436,0.346
"Pop50","Train0.50_Test0.50","Equal",4,0.63,0.4172
"Pop50","Train0.50_Test0.50","Equal",5,0.637,0.3188
"Pop50","Train0.50_Test0.50","Train>Test",1,0.655,0.388
"Pop50","Train0.50_Test0.50","Train>Test",2,0.65,0.314
"Pop50","Train0.50_Test0.50","Train>Test",3,0.635,0.346
"Pop50","Train0.50_Test0.50","Train>Test",4,0.629,0.352
"Pop50","Train0.50_Test0.50","Train>Test",5,0.628,0.42
"Pop50","Train0.50_Test0.50","Test>Train",1,0.6052,0.4484
"Pop50","Train0.50_Test0.50","Test>Train",2,0.6374,0.336
"Pop50","Train0.50_Test0.50","Test>Train",3,0.63,0.2472
"Pop50","Train0.50_Test0.50","Test>Train",4,0.6418,0.3912
"Pop50","Train0.50_Test0.50","Test>Train",5,0.6416,0.42
"Pop50","Train0.50_Test0.25","Equal",1,0.6624,0.412
"Pop50","Train0.50_Test0.25","Equal",2,0.5574,0.2624
"Pop50","Train0.50_Test0.25","Equal",3,0.6346,0.3448
"Pop50","Train0.50_Test0.25","Equal",4,0.658,0.4232
"Pop50","Train0.50_Test0.25","Equal",5,0.6184,0.3136
"Pop50","Train0.50_Test0.25","Train>Test",1,0.674,0.404
"Pop50","Train0.50_Test0.25","Train>Test",2,0.61,0.356
"Pop50","Train0.50_Test0.25","Train>Test",3,0.632,0.332
"Pop50","Train0.50_Test0.25","Train>Test",4,0.627,0.34
"Pop50","Train0.50_Test0.25","Train>Test",5,0.652,0.416
"Pop50","Train0.50_Test0.25","Test>Train",1,0.6346,0.4432
"Pop50","Train0.50_Test0.25","Test>Train",2,0.6278,0.3384
"Pop50","Train0.50_Test0.25","Test>Train",3,0.571,0.2544
"Pop50","Train0.50_Test0.25","Test>Train",4,0.6546,0.384
"Pop50","Train0.50_Test0.25","Test>Train",5,0.6524,0.376
"Pop75","Train0.75_Test0.75","Equal",1,0.75,0
"Pop75","Train0.75_Test0.75","Equal",2,0.75,0
"Pop75","Train0.75_Test0.75","Equal",3,0.75,0
"Pop75","Train0.75_Test0.75","Equal",4,0.75,0
"Pop75","Train0.75_Test0.75","Equal",5,0.75,0
"Pop75","Train0.75_Test0.75","Train>Test",1,0.75,0
"Pop75","Train0.75_Test0.75","Train>Test",2,0.75,0
"Pop75","Train0.75_Test0.75","Train>Test",3,0.75,0
"Pop75","Train0.75_Test0.75","Train>Test",4,0.75,0
"Pop75","Train0.75_Test0.75","Train>Test",5,0.75,0
"Pop75","Train0.75_Test0.75","Test>Train",1,0.744,0.0253333333333333
"Pop75","Train0.75_Test0.75","Test>Train",2,0.75,0
"Pop75","Train0.75_Test0.75","Test>Train",3,0.7436,0.0306666666666667
"Pop75","Train0.75_Test0.75","Test>Train",4,0.7318,0.0669333333333333
"Pop75","Train0.75_Test0.75","Test>Train",5,0.7434,0.0621333333333333
"Pop75","Train0.75_Test0.50","Equal",1,0.5,0
"Pop75","Train0.75_Test0.50","Equal",2,0.5394,0.0424
"Pop75","Train0.75_Test0.50","Equal",3,0.5,0
"Pop75","Train0.75_Test0.50","Equal",4,0.5,0
"Pop75","Train0.75_Test0.50","Equal",5,0.5,0
"Pop75","Train0.75_Test0.50","Train>Test",1,0.5,0
"Pop75","Train0.75_Test0.50","Train>Test",2,0.5,0
"Pop75","Train0.75_Test0.50","Train>Test",3,0.5,0
"Pop75","Train0.75_Test0.50","Train>Test",4,0.5,0
"Pop75","Train0.75_Test0.50","Train>Test",5,0.5,0
"Pop75","Train0.75_Test0.50","Test>Train",1,0.5094,0.026
"Pop75","Train0.75_Test0.50","Test>Train",2,0.5436,0.086
"Pop75","Train0.75_Test0.50","Test>Train",3,0.5,0
"Pop75","Train0.75_Test0.50","Test>Train",4,0.5,0
"Pop75","Train0.75_Test0.50","Test>Train",5,0.5,0
"Pop75","Train0.75_Test0.25","Equal",1,0.25,0
"Pop75","Train0.75_Test0.25","Equal",2,0.25,0
"Pop75","Train0.75_Test0.25","Equal",3,0.25,0
"Pop75","Train0.75_Test0.25","Equal",4,0.25,0
"Pop75","Train0.75_Test0.25","Equal",5,0.25,0
"Pop75","Train0.75_Test0.25","Train>Test",1,0.25,0
"Pop75","Train0.75_Test0.25","Train>Test",2,0.25,0
"Pop75","Train0.75_Test0.25","Train>Test",3,0.25,0
"Pop75","Train0.75_Test0.25","Train>Test",4,0.25,0
"Pop75","Train0.75_Test0.25","Train>Test",5,0.25,0
"Pop75","Train0.75_Test0.25","Test>Train",1,0.2776,0.0304
"Pop75","Train0.75_Test0.25","Test>Train",2,0.25,0
"Pop75","Train0.75_Test0.25","Test>Train",3,0.25,0
"Pop75","Train0.75_Test0.25","Test>Train",4,0.3302,0.0504
"Pop75","Train0.75_Test0.25","Test>Train",5,0.25,0
