"Population","Case","Size","Replicate","Accuracy","FNR"
"Pop25","Train0.25_Test0.75","Equal",1,0.2638,0.978933333333333
"Pop25","Train0.25_Test0.75","Equal",2,0.25,1
"Pop25","Train0.25_Test0.75","Equal",3,0.25,1
"Pop25","Train0.25_Test0.75","Equal",4,0.289,0.941333333333333
"Pop25","Train0.25_Test0.75","Equal",5,0.25,1
"Pop25","Train0.25_Test0.75","Train>Test",1,0.268,0.969333333333333
"Pop25","Train0.25_Test0.75","Train>Test",2,0.267,0.972
"Pop25","Train0.25_Test0.75","Train>Test",3,0.266,0.978666666666667
"Pop25","Train0.25_Test0.75","Train>Test",4,0.25,1
"Pop25","Train0.25_Test0.75","Train>Test",5,0.255,0.993333333333333
"Pop25","Train0.25_Test0.75","Test>Train",1,0.302,0.922933333333333
"Pop25","Train0.25_Test0.75","Test>Train",2,0.25,1
"Pop25","Train0.25_Test0.75","Test>Train",3,0.25,1
"Pop25","Train0.25_Test0.75","Test>Train",4,0.2908,0.938133333333333
"Pop25","Train0.25_Test0.75","Test>Train",5,0.2846,0.948266666666667
"Pop25","Train0.25_Test0.50","Equal",1,0.5068,0.9788
"Pop25","Train0.25_Test0.50","Equal",2,0.507,0.9788
"Pop25","Train0.25_Test0.50","Equal",3,0.5,1
"Pop25","Train0.25_Test0.50","Equal",4,0.5064,0.9852
"Pop25","Train0.25_Test0.50","Equal",5,0.5088,0.968
"Pop25","Train0.25_Test0.50","Train>Test",1,0.51,0.968
"Pop25","Train0.25_Test0.50","Train>Test",2,0.5,1
"Pop25","Train0.25_Test0.50","Train>Test",3,0.516,0.956
"Pop25","Train0.25_Test0.50","Train>Test",4,0.507,0.982
"Pop25","Train0.25_Test0.50","Train>Test",5,0.5,1
"Pop25","Train0.25_Test0.50","Test>Train",1,0.5272,0.9248
"Pop25","Train0.25_Test0.50","Test>Train",2,0.5,1
"Pop25","Train0.25_Test0.50","Test>Train",3,0.5,1
"Pop25","Train0.25_Test0.50","Test>Train",4,0.5,1
"Pop25","Train0.25_Test0.50","Test>Train",5,0.5156,0.9508
"Pop25","Train0.25_Test0.25","Equal",1,0.7478,0.9776
"Pop25","Train0.25_Test0.25","Equal",2,0.7502,0.9392
"Pop25","Train0.25_Test0.25","Equal",3,0.75,1
"Pop25","Train0.25_Test0.25","Equal",4,0.753,0.9368
"Pop25","Train0.25_Test0.25","Equal",5,0.75,1
"Pop25","Train0.25_Test0.25","Train>Test",1,0.748,0.976
"Pop25","Train0.25_Test0.25","Train>Test",2,0.75,1
"Pop25","Train0.25_Test0.25","Train>Test",3,0.751,0.972
"Pop25","Train0.25_Test0.25","Train>Test",4,0.75,0.992
"Pop25","Train0.25_Test0.25","Train>Test",5,0.749,0.928
"Pop25","Train0.25_Test0.25","Test>Train",1,0.75,0.9312
"Pop25","Train0.25_Test0.25","Test>Train",2,0.7506,0.9424
"Pop25","Train0.25_Test0.25","Test>Train",3,0.7494,0.896
"Pop25","Train0.25_Test0.25","Test>Train",4,0.75,1
"Pop25","Train0.25_Test0.25","Test>Train",5,0.7448,0.8904
"Pop50","Train0.50_Test0.75","Equal",1,0.6374,0.364
"Pop50","Train0.50_Test0.75","Equal",2,0.6318,0.369333333333333
"Pop50","Train0.50_Test0.75","Equal",3,0.6388,0.361066666666667
"Pop50","Train0.50_Test0.75","Equal",4,0.6236,0.375466666666667
"Pop50","Train0.50_Test0.75","Equal",5,0.6406,0.3616
"Pop50","Train0.50_Test0.75","Train>Test",1,0.639,0.349333333333333
"Pop50","Train0.50_Test0.75","Train>Test",2,0.639,0.365333333333333
"Pop50","Train0.50_Test0.75","Train>Test",3,0.632,0.369333333333333
"Pop50","Train0.50_Test0.75","Train>Test",4,0.625,0.377333333333333
"Pop50","Train0.50_Test0.75","Train>Test",5,0.628,0.38
"Pop50","Train0.50_Test0.75","Test>Train",1,0.6264,0.373866666666667
"Pop50","Train0.50_Test0.75","Test>Train",2,0.641,0.354133333333333
"Pop50","Train0.50_Test0.75","Test>Train",3,0.6452,0.354933333333333
"Pop50","Train0.50_Test0.75","Test>Train",4,0.6554,0.332533333333333
"Pop50","Train0.50_Test0.75","Test>Train",5,0.6494,0.342933333333333
"Pop50","Train0.50_Test0.50","Equal",1,0.6328,0.364
"Pop50","Train0.50_Test0.50","Equal",2,0.6338,0.3644
"Pop50","Train0.50_Test0.50","Equal",3,0.643,0.3576
"Pop50","Train0.50_Test0.50","Equal",4,0.6264,0.3732
"Pop50","Train0.50_Test0.50","Equal",5,0.64,0.3576
"Pop50","Train0.50_Test0.50","Train>Test",1,0.64,0.354
"Pop50","Train0.50_Test0.50","Train>Test",2,0.634,0.364
"Pop50","Train0.50_Test0.50","Train>Test",3,0.642,0.358
"Pop50","Train0.50_Test0.50","Train>Test",4,0.639,0.364
"Pop50","Train0.50_Test0.50","Train>Test",5,0.631,0.366
"Pop50","Train0.50_Test0.50","Test>Train",1,0.6204,0.3844
"Pop50","Train0.50_Test0.50","Test>Train",2,0.6366,0.3584
"Pop50","Train0.50_Test0.50","Test>Train",3,0.6388,0.3604
"Pop50","Train0.50_Test0.50","Test>Train",4,0.644,0.336
"Pop50","Train0.50_Test0.50","Test>Train",5,0.6422,0.344
"Pop50","Train0.50_Test0.25","Equal",1,0.6344,0.3544
"Pop50","Train0.50_Test0.25","Equal",2,0.6342,0.3752
"Pop50","Train0.50_Test0.25","Equal",3,0.6374,0.3608
"Pop50","Train0.50_Test0.25","Equal",4,0.6332,0.3768
"Pop50","Train0.50_Test0.25","Equal",5,0.6398,0.352
"Pop50","Train0.50_Test0.25","Train>Test",1,0.636,0.368
"Pop50","Train0.50_Test0.25","Train>Test",2,0.629,0.38
"Pop50","Train0.50_Test0.25","Train>Test",3,0.649,0.352
"Pop50","Train0.50_Test0.25","Train>Test",4,0.631,0.372
"Pop50","Train0.50_Test0.25","Train>Test",5,0.628,0.352
"Pop50","Train0.50_Test0.25","Test>Train",1,0.6216,0.3896
"Pop50","Train0.50_Test0.25","Test>Train",2,0.6368,0.3568
"Pop50","Train0.50_Test0.25","Test>Train",3,0.6392,0.3592
"Pop50","Train0.50_Test0.25","Test>Train",4,0.6296,0.332
"Pop50","Train0.50_Test0.25","Test>Train",5,0.629,0.3448
"Pop75","Train0.75_Test0.75","Equal",1,0.75,0
"Pop75","Train0.75_Test0.75","Equal",2,0.75,0
"Pop75","Train0.75_Test0.75","Equal",3,0.75,0.004
"Pop75","Train0.75_Test0.75","Equal",4,0.75,0
"Pop75","Train0.75_Test0.75","Equal",5,0.7508,0.00186666666666667
"Pop75","Train0.75_Test0.75","Train>Test",1,0.75,0
"Pop75","Train0.75_Test0.75","Train>Test",2,0.75,0
"Pop75","Train0.75_Test0.75","Train>Test",3,0.75,0
"Pop75","Train0.75_Test0.75","Train>Test",4,0.75,0
"Pop75","Train0.75_Test0.75","Train>Test",5,0.749,0.00933333333333333
"Pop75","Train0.75_Test0.75","Test>Train",1,0.75,0
"Pop75","Train0.75_Test0.75","Test>Train",2,0.75,0
"Pop75","Train0.75_Test0.75","Test>Train",3,0.75,0
"Pop75","Train0.75_Test0.75","Test>Train",4,0.75,0
"Pop75","Train0.75_Test0.75","Test>Train",5,0.75,0
"Pop75","Train0.75_Test0.50","Equal",1,0.5,0
"Pop75","Train0.75_Test0.50","Equal",2,0.5,0
"Pop75","Train0.75_Test0.50","Equal",3,0.5,0
"Pop75","Train0.75_Test0.50","Equal",4,0.5,0
"Pop75","Train0.75_Test0.50","Equal",5,0.5,0
"Pop75","Train0.75_Test0.50","Train>Test",1,0.5,0
"Pop75","Train0.75_Test0.50","Train>Test",2,0.5,0
"Pop75","Train0.75_Test0.50","Train>Test",3,0.501,0.004
"Pop75","Train0.75_Test0.50","Train>Test",4,0.5,0
"Pop75","Train0.75_Test0.50","Train>Test",5,0.507,0.018
"Pop75","Train0.75_Test0.50","Test>Train",1,0.5,0
"Pop75","Train0.75_Test0.50","Test>Train",2,0.5052,0.002
"Pop75","Train0.75_Test0.50","Test>Train",3,0.5,0
"Pop75","Train0.75_Test0.50","Test>Train",4,0.51,0.0076
"Pop75","Train0.75_Test0.50","Test>Train",5,0.5,0
"Pop75","Train0.75_Test0.25","Equal",1,0.25,0
"Pop75","Train0.75_Test0.25","Equal",2,0.25,0
"Pop75","Train0.75_Test0.25","Equal",3,0.2794,0.0128
"Pop75","Train0.75_Test0.25","Equal",4,0.25,0
"Pop75","Train0.75_Test0.25","Equal",5,0.25,0
"Pop75","Train0.75_Test0.25","Train>Test",1,0.25,0
"Pop75","Train0.75_Test0.25","Train>Test",2,0.25,0
"Pop75","Train0.75_Test0.25","Train>Test",3,0.25,0
"Pop75","Train0.75_Test0.25","Train>Test",4,0.25,0
"Pop75","Train0.75_Test0.25","Train>Test",5,0.268,0.004
"Pop75","Train0.75_Test0.25","Test>Train",1,0.25,0
"Pop75","Train0.75_Test0.25","Test>Train",2,0.2694,0.0144
"Pop75","Train0.75_Test0.25","Test>Train",3,0.25,0
"Pop75","Train0.75_Test0.25","Test>Train",4,0.25,0
"Pop75","Train0.75_Test0.25","Test>Train",5,0.25,0
