"Population","Case","Size","Replicate","Accuracy","FNR"
"Pop25","Train0.25_Test0.75","Equal",1,0.25,1
"Pop25","Train0.25_Test0.75","Equal",2,0.4656,0.668533333333333
"Pop25","Train0.25_Test0.75","Equal",3,0.392,0.781333333333333
"Pop25","Train0.25_Test0.75","Equal",4,0.25,1
"Pop25","Train0.25_Test0.75","Equal",5,0.25,1
"Pop25","Train0.25_Test0.75","Train>Test",1,0.25,1
"Pop25","Train0.25_Test0.75","Train>Test",2,0.25,1
"Pop25","Train0.25_Test0.75","Train>Test",3,0.25,1
"Pop25","Train0.25_Test0.75","Train>Test",4,0.25,1
"Pop25","Train0.25_Test0.75","Train>Test",5,0.25,1
"Pop25","Train0.25_Test0.75","Test>Train",1,0.25,1
"Pop25","Train0.25_Test0.75","Test>Train",2,0.25,1
"Pop25","Train0.25_Test0.75","Test>Train",3,0.25,1
"Pop25","Train0.25_Test0.75","Test>Train",4,0.25,1
"Pop25","Train0.25_Test0.75","Test>Train",5,0.25,1
"Pop25","Train0.25_Test0.50","Equal",1,0.5,1
"Pop25","Train0.25_Test0.50","Equal",2,0.5,1
"Pop25","Train0.25_Test0.50","Equal",3,0.5,1
"Pop25","Train0.25_Test0.50","Equal",4,0.5,1
"Pop25","Train0.25_Test0.50","Equal",5,0.5724,0.7572
"Pop25","Train0.25_Test0.50","Train>Test",1,0.5,1
"Pop25","Train0.25_Test0.50","Train>Test",2,0.5,1
"Pop25","Train0.25_Test0.50","Train>Test",3,0.5,1
"Pop25","Train0.25_Test0.50","Train>Test",4,0.5,1
"Pop25","Train0.25_Test0.50","Train>Test",5,0.5,1
"Pop25","Train0.25_Test0.50","Test>Train",1,0.5,1
"Pop25","Train0.25_Test0.50","Test>Train",2,0.5,1
"Pop25","Train0.25_Test0.50","Test>Train",3,0.5,1
"Pop25","Train0.25_Test0.50","Test>Train",4,0.5,1
"Pop25","Train0.25_Test0.50","Test>Train",5,0.5,1
"Pop25","Train0.25_Test0.25","Equal",1,0.75,1
"Pop25","Train0.25_Test0.25","Equal",2,0.75,1
"Pop25","Train0.25_Test0.25","Equal",3,0.75,1
"Pop25","Train0.25_Test0.25","Equal",4,0.75,1
"Pop25","Train0.25_Test0.25","Equal",5,0.75,1
"Pop25","Train0.25_Test0.25","Train>Test",1,0.75,1
"Pop25","Train0.25_Test0.25","Train>Test",2,0.75,1
"Pop25","Train0.25_Test0.25","Train>Test",3,0.75,1
"Pop25","Train0.25_Test0.25","Train>Test",4,0.75,1
"Pop25","Train0.25_Test0.25","Train>Test",5,0.75,1
"Pop25","Train0.25_Test0.25","Test>Train",1,0.75,1
"Pop25","Train0.25_Test0.25","Test>Train",2,0.7522,0.8984
"Pop25","Train0.25_Test0.25","Test>Train",3,0.75,1
"Pop25","Train0.25_Test0.25","Test>Train",4,0.75,1
"Pop25","Train0.25_Test0.25","Test>Train",5,0.75,1
"Pop50","Train0.50_Test0.75","Equal",1,0.6686,0.308533333333333
"Pop50","Train0.50_Test0.75","Equal",2,0.6594,0.322666666666667
"Pop50","Train0.50_Test0.75","Equal",3,0.6812,0.2744
"Pop50","Train0.50_Test0.75","Equal",4,0.6042,0.414133333333333
"Pop50","Train0.50_Test0.75","Equal",5,0.6224,0.404
"Pop50","Train0.50_Test0.75","Train>Test",1,0.681,0.262666666666667
"Pop50","Train0.50_Test0.75","Train>Test",2,0.641,0.364
"Pop50","Train0.50_Test0.75","Train>Test",3,0.651,0.350666666666667
"Pop50","Train0.50_Test0.75","Train>Test",4,0.6,0.414666666666667
"Pop50","Train0.50_Test0.75","Train>Test",5,0.573,0.453333333333333
"Pop50","Train0.50_Test0.75","Test>Train",1,0.6764,0.266933333333333
"Pop50","Train0.50_Test0.75","Test>Train",2,0.5712,0.488533333333333
"Pop50","Train0.50_Test0.75","Test>Train",3,0.5946,0.442133333333333
"Pop50","Train0.50_Test0.75","Test>Train",4,0.6132,0.395466666666667
"Pop50","Train0.50_Test0.75","Test>Train",5,0.605,0.4288
"Pop50","Train0.50_Test0.50","Equal",1,0.638,0.298
"Pop50","Train0.50_Test0.50","Equal",2,0.6396,0.3512
"Pop50","Train0.50_Test0.50","Equal",3,0.6106,0.1856
"Pop50","Train0.50_Test0.50","Equal",4,0.6252,0.4524
"Pop50","Train0.50_Test0.50","Equal",5,0.6382,0.3944
"Pop50","Train0.50_Test0.50","Train>Test",1,0.63,0.264
"Pop50","Train0.50_Test0.50","Train>Test",2,0.631,0.368
"Pop50","Train0.50_Test0.50","Train>Test",3,0.66,0.344
"Pop50","Train0.50_Test0.50","Train>Test",4,0.623,0.422
"Pop50","Train0.50_Test0.50","Train>Test",5,0.625,0.43
"Pop50","Train0.50_Test0.50","Test>Train",1,0.62,0.3084
"Pop50","Train0.50_Test0.50","Test>Train",2,0.632,0.3724
"Pop50","Train0.50_Test0.50","Test>Train",3,0.6292,0.3468
"Pop50","Train0.50_Test0.50","Test>Train",4,0.629,0.392
"Pop50","Train0.50_Test0.50","Test>Train",5,0.6312,0.3828
"Pop50","Train0.50_Test0.25","Equal",1,0.674,0.452
"Pop50","Train0.50_Test0.25","Equal",2,0.643,0.3504
"Pop50","Train0.50_Test0.25","Equal",3,0.6084,0.2952
"Pop50","Train0.50_Test0.25","Equal",4,0.6226,0.3216
"Pop50","Train0.50_Test0.25","Equal",5,0.6134,0.3088
"Pop50","Train0.50_Test0.25","Train>Test",1,0.581,0.272
"Pop50","Train0.50_Test0.25","Train>Test",2,0.704,0.492
"Pop50","Train0.50_Test0.25","Train>Test",3,0.594,0.224
"Pop50","Train0.50_Test0.25","Train>Test",4,0.694,0.448
"Pop50","Train0.50_Test0.25","Train>Test",5,0.653,0.424
"Pop50","Train0.50_Test0.25","Test>Train",1,0.5268,0.2224
"Pop50","Train0.50_Test0.25","Test>Train",2,0.6302,0.3992
"Pop50","Train0.50_Test0.25","Test>Train",3,0.6354,0.3736
"Pop50","Train0.50_Test0.25","Test>Train",4,0.6088,0.3248
"Pop50","Train0.50_Test0.25","Test>Train",5,0.661,0.4264
"Pop75","Train0.75_Test0.75","Equal",1,0.75,0
"Pop75","Train0.75_Test0.75","Equal",2,0.75,0
"Pop75","Train0.75_Test0.75","Equal",3,0.75,0
"Pop75","Train0.75_Test0.75","Equal",4,0.75,0
"Pop75","Train0.75_Test0.75","Equal",5,0.75,0
"Pop75","Train0.75_Test0.75","Train>Test",1,0.75,0
"Pop75","Train0.75_Test0.75","Train>Test",2,0.75,0
"Pop75","Train0.75_Test0.75","Train>Test",3,0.75,0
"Pop75","Train0.75_Test0.75","Train>Test",4,0.75,0
"Pop75","Train0.75_Test0.75","Train>Test",5,0.75,0
"Pop75","Train0.75_Test0.75","Test>Train",1,0.75,0
"Pop75","Train0.75_Test0.75","Test>Train",2,0.75,0
"Pop75","Train0.75_Test0.75","Test>Train",3,0.75,0
"Pop75","Train0.75_Test0.75","Test>Train",4,0.75,0
"Pop75","Train0.75_Test0.75","Test>Train",5,0.75,0
"Pop75","Train0.75_Test0.50","Equal",1,0.5,0
"Pop75","Train0.75_Test0.50","Equal",2,0.5,0
"Pop75","Train0.75_Test0.50","Equal",3,0.5,0
"Pop75","Train0.75_Test0.50","Equal",4,0.5,0
"Pop75","Train0.75_Test0.50","Equal",5,0.5,0
"Pop75","Train0.75_Test0.50","Train>Test",1,0.5,0
"Pop75","Train0.75_Test0.50","Train>Test",2,0.5,0
"Pop75","Train0.75_Test0.50","Train>Test",3,0.5,0
"Pop75","Train0.75_Test0.50","Train>Test",4,0.5,0
"Pop75","Train0.75_Test0.50","Train>Test",5,0.5,0
"Pop75","Train0.75_Test0.50","Test>Train",1,0.5,0
"Pop75","Train0.75_Test0.50","Test>Train",2,0.5,0
"Pop75","Train0.75_Test0.50","Test>Train",3,0.5,0
"Pop75","Train0.75_Test0.50","Test>Train",4,0.5,0
"Pop75","Train0.75_Test0.50","Test>Train",5,0.5,0
"Pop75","Train0.75_Test0.25","Equal",1,0.25,0
"Pop75","Train0.75_Test0.25","Equal",2,0.25,0
"Pop75","Train0.75_Test0.25","Equal",3,0.25,0
"Pop75","Train0.75_Test0.25","Equal",4,0.25,0
"Pop75","Train0.75_Test0.25","Equal",5,0.25,0
"Pop75","Train0.75_Test0.25","Train>Test",1,0.25,0
"Pop75","Train0.75_Test0.25","Train>Test",2,0.25,0
"Pop75","Train0.75_Test0.25","Train>Test",3,0.25,0
"Pop75","Train0.75_Test0.25","Train>Test",4,0.25,0
"Pop75","Train0.75_Test0.25","Train>Test",5,0.25,0
"Pop75","Train0.75_Test0.25","Test>Train",1,0.25,0
"Pop75","Train0.75_Test0.25","Test>Train",2,0.347,0.0656
"Pop75","Train0.75_Test0.25","Test>Train",3,0.25,0
"Pop75","Train0.75_Test0.25","Test>Train",4,0.25,0
"Pop75","Train0.75_Test0.25","Test>Train",5,0.25,0
