"Population","Case","Size","Replicate","Accuracy","FNR"
"Pop25","Train0.25_Test0.75","Equal",1,0.25,1
"Pop25","Train0.25_Test0.75","Equal",2,0.25,1
"Pop25","Train0.25_Test0.75","Equal",3,0.25,1
"Pop25","Train0.25_Test0.75","Equal",4,0.25,1
"Pop25","Train0.25_Test0.75","Equal",5,0.25,1
"Pop25","Train0.25_Test0.75","Train>Test",1,0.25,1
"Pop25","Train0.25_Test0.75","Train>Test",2,0.25,1
"Pop25","Train0.25_Test0.75","Train>Test",3,0.253,0.996
"Pop25","Train0.25_Test0.75","Train>Test",4,0.25,1
"Pop25","Train0.25_Test0.75","Train>Test",5,0.25,1
"Pop25","Train0.25_Test0.75","Test>Train",1,0.25,1
"Pop25","Train0.25_Test0.75","Test>Train",2,0.25,1
"Pop25","Train0.25_Test0.75","Test>Train",3,0.25,1
"Pop25","Train0.25_Test0.75","Test>Train",4,0.291,0.937333333333333
"Pop25","Train0.25_Test0.75","Test>Train",5,0.2692,0.971733333333333
"Pop25","Train0.25_Test0.50","Equal",1,0.5,1
"Pop25","Train0.25_Test0.50","Equal",2,0.5,1
"Pop25","Train0.25_Test0.50","Equal",3,0.5,1
"Pop25","Train0.25_Test0.50","Equal",4,0.5,1
"Pop25","Train0.25_Test0.50","Equal",5,0.5,1
"Pop25","Train0.25_Test0.50","Train>Test",1,0.5,1
"Pop25","Train0.25_Test0.50","Train>Test",2,0.5,1
"Pop25","Train0.25_Test0.50","Train>Test",3,0.5,1
"Pop25","Train0.25_Test0.50","Train>Test",4,0.5,1
"Pop25","Train0.25_Test0.50","Train>Test",5,0.5,1
"Pop25","Train0.25_Test0.50","Test>Train",1,0.5,1
"Pop25","Train0.25_Test0.50","Test>Train",2,0.5,1
"Pop25","Train0.25_Test0.50","Test>Train",3,0.5,1
"Pop25","Train0.25_Test0.50","Test>Train",4,0.5,1
"Pop25","Train0.25_Test0.50","Test>Train",5,0.5062,0.9792
"Pop25","Train0.25_Test0.25","Equal",1,0.75,1
"Pop25","Train0.25_Test0.25","Equal",2,0.75,1
"Pop25","Train0.25_Test0.25","Equal",3,0.75,1
"Pop25","Train0.25_Test0.25","Equal",4,0.75,1
"Pop25","Train0.25_Test0.25","Equal",5,0.75,1
"Pop25","Train0.25_Test0.25","Train>Test",1,0.75,1
"Pop25","Train0.25_Test0.25","Train>Test",2,0.75,1
"Pop25","Train0.25_Test0.25","Train>Test",3,0.75,1
"Pop25","Train0.25_Test0.25","Train>Test",4,0.75,1
"Pop25","Train0.25_Test0.25","Train>Test",5,0.75,1
"Pop25","Train0.25_Test0.25","Test>Train",1,0.75,1
"Pop25","Train0.25_Test0.25","Test>Train",2,0.75,1
"Pop25","Train0.25_Test0.25","Test>Train",3,0.7508,0.9056
"Pop25","Train0.25_Test0.25","Test>Train",4,0.75,1
"Pop25","Train0.25_Test0.25","Test>Train",5,0.7514,0.9696
"Pop50","Train0.50_Test0.75","Equal",1,0.637,0.364533333333333
"Pop50","Train0.50_Test0.75","Equal",2,0.6336,0.366133333333333
"Pop50","Train0.50_Test0.75","Equal",3,0.6398,0.359733333333333
"Pop50","Train0.50_Test0.75","Equal",4,0.6258,0.3712
"Pop50","Train0.50_Test0.75","Equal",5,0.6408,0.361066666666667
"Pop50","Train0.50_Test0.75","Train>Test",1,0.638,0.350666666666667
"Pop50","Train0.50_Test0.75","Train>Test",2,0.639,0.365333333333333
"Pop50","Train0.50_Test0.75","Train>Test",3,0.629,0.376
"Pop50","Train0.50_Test0.75","Train>Test",4,0.633,0.365333333333333
"Pop50","Train0.50_Test0.75","Train>Test",5,0.624,0.385333333333333
"Pop50","Train0.50_Test0.75","Test>Train",1,0.6298,0.363466666666667
"Pop50","Train0.50_Test0.75","Test>Train",2,0.6414,0.353333333333333
"Pop50","Train0.50_Test0.75","Test>Train",3,0.6496,0.347733333333333
"Pop50","Train0.50_Test0.75","Test>Train",4,0.6494,0.344266666666667
"Pop50","Train0.50_Test0.75","Test>Train",5,0.644,0.3528
"Pop50","Train0.50_Test0.50","Equal",1,0.6326,0.3644
"Pop50","Train0.50_Test0.50","Equal",2,0.6348,0.36
"Pop50","Train0.50_Test0.50","Equal",3,0.6428,0.3572
"Pop50","Train0.50_Test0.50","Equal",4,0.6258,0.3704
"Pop50","Train0.50_Test0.50","Equal",5,0.639,0.3576
"Pop50","Train0.50_Test0.50","Train>Test",1,0.639,0.356
"Pop50","Train0.50_Test0.50","Train>Test",2,0.633,0.364
"Pop50","Train0.50_Test0.50","Train>Test",3,0.641,0.362
"Pop50","Train0.50_Test0.50","Train>Test",4,0.645,0.35
"Pop50","Train0.50_Test0.50","Train>Test",5,0.631,0.368
"Pop50","Train0.50_Test0.50","Test>Train",1,0.618,0.374
"Pop50","Train0.50_Test0.50","Test>Train",2,0.6364,0.3584
"Pop50","Train0.50_Test0.50","Test>Train",3,0.6396,0.3584
"Pop50","Train0.50_Test0.50","Test>Train",4,0.6448,0.352
"Pop50","Train0.50_Test0.50","Test>Train",5,0.6422,0.3496
"Pop50","Train0.50_Test0.25","Equal",1,0.6342,0.3552
"Pop50","Train0.50_Test0.25","Equal",2,0.6338,0.3688
"Pop50","Train0.50_Test0.25","Equal",3,0.6368,0.3608
"Pop50","Train0.50_Test0.25","Equal",4,0.6314,0.3728
"Pop50","Train0.50_Test0.25","Equal",5,0.6386,0.352
"Pop50","Train0.50_Test0.25","Train>Test",1,0.635,0.372
"Pop50","Train0.50_Test0.25","Train>Test",2,0.628,0.38
"Pop50","Train0.50_Test0.25","Train>Test",3,0.649,0.356
"Pop50","Train0.50_Test0.25","Train>Test",4,0.632,0.344
"Pop50","Train0.50_Test0.25","Train>Test",5,0.629,0.356
"Pop50","Train0.50_Test0.25","Test>Train",1,0.6144,0.38
"Pop50","Train0.50_Test0.25","Test>Train",2,0.6374,0.3576
"Pop50","Train0.50_Test0.25","Test>Train",3,0.6382,0.3472
"Pop50","Train0.50_Test0.25","Test>Train",4,0.6398,0.348
"Pop50","Train0.50_Test0.25","Test>Train",5,0.6342,0.3632
"Pop75","Train0.75_Test0.75","Equal",1,0.75,0
"Pop75","Train0.75_Test0.75","Equal",2,0.75,0
"Pop75","Train0.75_Test0.75","Equal",3,0.75,0
"Pop75","Train0.75_Test0.75","Equal",4,0.75,0
"Pop75","Train0.75_Test0.75","Equal",5,0.75,0
"Pop75","Train0.75_Test0.75","Train>Test",1,0.75,0
"Pop75","Train0.75_Test0.75","Train>Test",2,0.75,0
"Pop75","Train0.75_Test0.75","Train>Test",3,0.75,0
"Pop75","Train0.75_Test0.75","Train>Test",4,0.75,0
"Pop75","Train0.75_Test0.75","Train>Test",5,0.75,0
"Pop75","Train0.75_Test0.75","Test>Train",1,0.75,0
"Pop75","Train0.75_Test0.75","Test>Train",2,0.75,0
"Pop75","Train0.75_Test0.75","Test>Train",3,0.75,0
"Pop75","Train0.75_Test0.75","Test>Train",4,0.75,0
"Pop75","Train0.75_Test0.75","Test>Train",5,0.75,0
"Pop75","Train0.75_Test0.50","Equal",1,0.5,0
"Pop75","Train0.75_Test0.50","Equal",2,0.5,0
"Pop75","Train0.75_Test0.50","Equal",3,0.5,0
"Pop75","Train0.75_Test0.50","Equal",4,0.5,0
"Pop75","Train0.75_Test0.50","Equal",5,0.5,0
"Pop75","Train0.75_Test0.50","Train>Test",1,0.5,0
"Pop75","Train0.75_Test0.50","Train>Test",2,0.5,0
"Pop75","Train0.75_Test0.50","Train>Test",3,0.5,0
"Pop75","Train0.75_Test0.50","Train>Test",4,0.5,0
"Pop75","Train0.75_Test0.50","Train>Test",5,0.5,0
"Pop75","Train0.75_Test0.50","Test>Train",1,0.5,0
"Pop75","Train0.75_Test0.50","Test>Train",2,0.5,0
"Pop75","Train0.75_Test0.50","Test>Train",3,0.5,0
"Pop75","Train0.75_Test0.50","Test>Train",4,0.5,0
"Pop75","Train0.75_Test0.50","Test>Train",5,0.5,0
"Pop75","Train0.75_Test0.25","Equal",1,0.25,0
"Pop75","Train0.75_Test0.25","Equal",2,0.25,0
"Pop75","Train0.75_Test0.25","Equal",3,0.25,0
"Pop75","Train0.75_Test0.25","Equal",4,0.25,0
"Pop75","Train0.75_Test0.25","Equal",5,0.25,0
"Pop75","Train0.75_Test0.25","Train>Test",1,0.25,0
"Pop75","Train0.75_Test0.25","Train>Test",2,0.25,0
"Pop75","Train0.75_Test0.25","Train>Test",3,0.25,0
"Pop75","Train0.75_Test0.25","Train>Test",4,0.25,0
"Pop75","Train0.75_Test0.25","Train>Test",5,0.25,0
"Pop75","Train0.75_Test0.25","Test>Train",1,0.25,0
"Pop75","Train0.75_Test0.25","Test>Train",2,0.256,0.0048
"Pop75","Train0.75_Test0.25","Test>Train",3,0.25,0
"Pop75","Train0.75_Test0.25","Test>Train",4,0.25,0
"Pop75","Train0.75_Test0.25","Test>Train",5,0.25,0
