"Population","Case","Size","Replicate","Model","Accuracy","FNR"
"Pop25","Train0.25_Test0.75","Equal",1,"knn",0.3818,0.778933333333333
"Pop25","Train0.25_Test0.75","Equal",1,"rf",0.4742,0.628
"Pop25","Train0.25_Test0.75","Equal",1,"svmLinear",0.25,1
"Pop25","Train0.25_Test0.75","Equal",2,"knn",0.3916,0.771733333333333
"Pop25","Train0.25_Test0.75","Equal",2,"rf",0.4744,0.6312
"Pop25","Train0.25_Test0.75","Equal",2,"svmLinear",0.25,1
"Pop25","Train0.25_Test0.75","Equal",3,"knn",0.388,0.770133333333333
"Pop25","Train0.25_Test0.75","Equal",3,"rf",0.472,0.630666666666667
"Pop25","Train0.25_Test0.75","Equal",3,"svmLinear",0.25,1
"Pop25","Train0.25_Test0.75","Equal",4,"knn",0.4006,0.756266666666667
"Pop25","Train0.25_Test0.75","Equal",4,"rf",0.4782,0.629066666666667
"Pop25","Train0.25_Test0.75","Equal",4,"svmLinear",0.25,1
"Pop25","Train0.25_Test0.75","Equal",5,"knn",0.3786,0.7872
"Pop25","Train0.25_Test0.75","Equal",5,"rf",0.4652,0.639733333333333
"Pop25","Train0.25_Test0.75","Equal",5,"svmLinear",0.25,1
"Pop25","Train0.25_Test0.75","Train>Test",1,"knn",0.393,0.757333333333333
"Pop25","Train0.25_Test0.75","Train>Test",1,"rf",0.481,0.612
"Pop25","Train0.25_Test0.75","Train>Test",1,"svmLinear",0.25,1
"Pop25","Train0.25_Test0.75","Train>Test",2,"knn",0.389,0.78
"Pop25","Train0.25_Test0.75","Train>Test",2,"rf",0.458,0.66
"Pop25","Train0.25_Test0.75","Train>Test",2,"svmLinear",0.25,1
"Pop25","Train0.25_Test0.75","Train>Test",3,"knn",0.38,0.784
"Pop25","Train0.25_Test0.75","Train>Test",3,"rf",0.476,0.633333333333333
"Pop25","Train0.25_Test0.75","Train>Test",3,"svmLinear",0.25,1
"Pop25","Train0.25_Test0.75","Train>Test",4,"knn",0.399,0.769333333333333
"Pop25","Train0.25_Test0.75","Train>Test",4,"rf",0.466,0.641333333333333
"Pop25","Train0.25_Test0.75","Train>Test",4,"svmLinear",0.25,1
"Pop25","Train0.25_Test0.75","Train>Test",5,"knn",0.38,0.773333333333333
"Pop25","Train0.25_Test0.75","Train>Test",5,"rf",0.445,0.665333333333333
"Pop25","Train0.25_Test0.75","Train>Test",5,"svmLinear",0.25,1
"Pop25","Train0.25_Test0.75","Test>Train",1,"knn",0.3612,0.811733333333333
"Pop25","Train0.25_Test0.75","Test>Train",1,"rf",0.4308,0.677866666666667
"Pop25","Train0.25_Test0.75","Test>Train",1,"svmLinear",0.25,1
"Pop25","Train0.25_Test0.75","Test>Train",2,"knn",0.391,0.7696
"Pop25","Train0.25_Test0.75","Test>Train",2,"rf",0.4402,0.669066666666667
"Pop25","Train0.25_Test0.75","Test>Train",2,"svmLinear",0.25,1
"Pop25","Train0.25_Test0.75","Test>Train",3,"knn",0.3748,0.793066666666667
"Pop25","Train0.25_Test0.75","Test>Train",3,"rf",0.4244,0.685333333333333
"Pop25","Train0.25_Test0.75","Test>Train",3,"svmLinear",0.25,1
"Pop25","Train0.25_Test0.75","Test>Train",4,"knn",0.3686,0.809066666666667
"Pop25","Train0.25_Test0.75","Test>Train",4,"rf",0.4364,0.675733333333333
"Pop25","Train0.25_Test0.75","Test>Train",4,"svmLinear",0.25,1
"Pop25","Train0.25_Test0.75","Test>Train",5,"knn",0.354,0.8256
"Pop25","Train0.25_Test0.75","Test>Train",5,"rf",0.4092,0.706933333333333
"Pop25","Train0.25_Test0.75","Test>Train",5,"svmLinear",0.25,1
"Pop25","Train0.25_Test0.50","Equal",1,"knn",0.5472,0.7812
"Pop25","Train0.25_Test0.50","Equal",1,"rf",0.581,0.6272
"Pop25","Train0.25_Test0.50","Equal",1,"svmLinear",0.5,1
"Pop25","Train0.25_Test0.50","Equal",2,"knn",0.5582,0.7684
"Pop25","Train0.25_Test0.50","Equal",2,"rf",0.583,0.6296
"Pop25","Train0.25_Test0.50","Equal",2,"svmLinear",0.5,1
"Pop25","Train0.25_Test0.50","Equal",3,"knn",0.5452,0.7728
"Pop25","Train0.25_Test0.50","Equal",3,"rf",0.5808,0.6396
"Pop25","Train0.25_Test0.50","Equal",3,"svmLinear",0.5,1
"Pop25","Train0.25_Test0.50","Equal",4,"knn",0.5576,0.77
"Pop25","Train0.25_Test0.50","Equal",4,"rf",0.5872,0.6028
"Pop25","Train0.25_Test0.50","Equal",4,"svmLinear",0.5,1
"Pop25","Train0.25_Test0.50","Equal",5,"knn",0.5588,0.7672
"Pop25","Train0.25_Test0.50","Equal",5,"rf",0.577,0.6236
"Pop25","Train0.25_Test0.50","Equal",5,"svmLinear",0.5,1
"Pop25","Train0.25_Test0.50","Train>Test",1,"knn",0.556,0.764
"Pop25","Train0.25_Test0.50","Train>Test",1,"rf",0.585,0.624
"Pop25","Train0.25_Test0.50","Train>Test",1,"svmLinear",0.5,1
"Pop25","Train0.25_Test0.50","Train>Test",2,"knn",0.555,0.766
"Pop25","Train0.25_Test0.50","Train>Test",2,"rf",0.567,0.644
"Pop25","Train0.25_Test0.50","Train>Test",2,"svmLinear",0.5,1
"Pop25","Train0.25_Test0.50","Train>Test",3,"knn",0.565,0.75
"Pop25","Train0.25_Test0.50","Train>Test",3,"rf",0.597,0.598
"Pop25","Train0.25_Test0.50","Train>Test",3,"svmLinear",0.5,1
"Pop25","Train0.25_Test0.50","Train>Test",4,"knn",0.554,0.772
"Pop25","Train0.25_Test0.50","Train>Test",4,"rf",0.588,0.612
"Pop25","Train0.25_Test0.50","Train>Test",4,"svmLinear",0.5,1
"Pop25","Train0.25_Test0.50","Train>Test",5,"knn",0.566,0.748
"Pop25","Train0.25_Test0.50","Train>Test",5,"rf",0.6,0.62
"Pop25","Train0.25_Test0.50","Train>Test",5,"svmLinear",0.5,1
"Pop25","Train0.25_Test0.50","Test>Train",1,"knn",0.5442,0.8092
"Pop25","Train0.25_Test0.50","Test>Train",1,"rf",0.5588,0.6732
"Pop25","Train0.25_Test0.50","Test>Train",1,"svmLinear",0.5,1
"Pop25","Train0.25_Test0.50","Test>Train",2,"knn",0.553,0.7468
"Pop25","Train0.25_Test0.50","Test>Train",2,"rf",0.5466,0.6732
"Pop25","Train0.25_Test0.50","Test>Train",2,"svmLinear",0.5,1
"Pop25","Train0.25_Test0.50","Test>Train",3,"knn",0.563,0.7392
"Pop25","Train0.25_Test0.50","Test>Train",3,"rf",0.5416,0.682
"Pop25","Train0.25_Test0.50","Test>Train",3,"svmLinear",0.5,1
"Pop25","Train0.25_Test0.50","Test>Train",4,"knn",0.5448,0.7628
"Pop25","Train0.25_Test0.50","Test>Train",4,"rf",0.5544,0.662
"Pop25","Train0.25_Test0.50","Test>Train",4,"svmLinear",0.5,1
"Pop25","Train0.25_Test0.50","Test>Train",5,"knn",0.5508,0.7708
"Pop25","Train0.25_Test0.50","Test>Train",5,"rf",0.5384,0.6752
"Pop25","Train0.25_Test0.50","Test>Train",5,"svmLinear",0.5,1
"Pop25","Train0.25_Test0.25","Equal",1,"knn",0.711,0.772
"Pop25","Train0.25_Test0.25","Equal",1,"rf",0.6812,0.6392
"Pop25","Train0.25_Test0.25","Equal",1,"svmLinear",0.75,1
"Pop25","Train0.25_Test0.25","Equal",2,"knn",0.7152,0.7816
"Pop25","Train0.25_Test0.25","Equal",2,"rf",0.6892,0.6416
"Pop25","Train0.25_Test0.25","Equal",2,"svmLinear",0.75,1
"Pop25","Train0.25_Test0.25","Equal",3,"knn",0.7126,0.7824
"Pop25","Train0.25_Test0.25","Equal",3,"rf",0.6822,0.6304
"Pop25","Train0.25_Test0.25","Equal",3,"svmLinear",0.75,1
"Pop25","Train0.25_Test0.25","Equal",4,"knn",0.716,0.7576
"Pop25","Train0.25_Test0.25","Equal",4,"rf",0.6868,0.6192
"Pop25","Train0.25_Test0.25","Equal",4,"svmLinear",0.75,1
"Pop25","Train0.25_Test0.25","Equal",5,"knn",0.7222,0.7624
"Pop25","Train0.25_Test0.25","Equal",5,"rf",0.6824,0.644
"Pop25","Train0.25_Test0.25","Equal",5,"svmLinear",0.75,1
"Pop25","Train0.25_Test0.25","Train>Test",1,"knn",0.703,0.78
"Pop25","Train0.25_Test0.25","Train>Test",1,"rf",0.672,0.62
"Pop25","Train0.25_Test0.25","Train>Test",1,"svmLinear",0.75,1
"Pop25","Train0.25_Test0.25","Train>Test",2,"knn",0.7,0.784
"Pop25","Train0.25_Test0.25","Train>Test",2,"rf",0.671,0.664
"Pop25","Train0.25_Test0.25","Train>Test",2,"svmLinear",0.75,1
"Pop25","Train0.25_Test0.25","Train>Test",3,"knn",0.727,0.768
"Pop25","Train0.25_Test0.25","Train>Test",3,"rf",0.696,0.6
"Pop25","Train0.25_Test0.25","Train>Test",3,"svmLinear",0.75,1
"Pop25","Train0.25_Test0.25","Train>Test",4,"knn",0.699,0.78
"Pop25","Train0.25_Test0.25","Train>Test",4,"rf",0.665,0.624
"Pop25","Train0.25_Test0.25","Train>Test",4,"svmLinear",0.75,1
"Pop25","Train0.25_Test0.25","Train>Test",5,"knn",0.718,0.772
"Pop25","Train0.25_Test0.25","Train>Test",5,"rf",0.698,0.592
"Pop25","Train0.25_Test0.25","Train>Test",5,"svmLinear",0.75,1
"Pop25","Train0.25_Test0.25","Test>Train",1,"knn",0.7254,0.7904
"Pop25","Train0.25_Test0.25","Test>Train",1,"rf",0.6738,0.6584
"Pop25","Train0.25_Test0.25","Test>Train",1,"svmLinear",0.75,1
"Pop25","Train0.25_Test0.25","Test>Train",2,"knn",0.7044,0.8184
"Pop25","Train0.25_Test0.25","Test>Train",2,"rf",0.6616,0.6976
"Pop25","Train0.25_Test0.25","Test>Train",2,"svmLinear",0.75,1
"Pop25","Train0.25_Test0.25","Test>Train",3,"knn",0.7208,0.792
"Pop25","Train0.25_Test0.25","Test>Train",3,"rf",0.664,0.6976
"Pop25","Train0.25_Test0.25","Test>Train",3,"svmLinear",0.75,1
"Pop25","Train0.25_Test0.25","Test>Train",4,"knn",0.7158,0.7888
"Pop25","Train0.25_Test0.25","Test>Train",4,"rf",0.673,0.6688
"Pop25","Train0.25_Test0.25","Test>Train",4,"svmLinear",0.75,1
"Pop25","Train0.25_Test0.25","Test>Train",5,"knn",0.7044,0.7904
"Pop25","Train0.25_Test0.25","Test>Train",5,"rf",0.6486,0.6712
"Pop25","Train0.25_Test0.25","Test>Train",5,"svmLinear",0.75,1
"Pop50","Train0.50_Test0.75","Equal",1,"knn",0.593,0.399466666666667
"Pop50","Train0.50_Test0.75","Equal",1,"rf",0.5968,0.394666666666667
"Pop50","Train0.50_Test0.75","Equal",1,"svmLinear",0.6402,0.3592
"Pop50","Train0.50_Test0.75","Equal",2,"knn",0.5926,0.3952
"Pop50","Train0.50_Test0.75","Equal",2,"rf",0.597,0.394933333333333
"Pop50","Train0.50_Test0.75","Equal",2,"svmLinear",0.6342,0.361866666666667
"Pop50","Train0.50_Test0.75","Equal",3,"knn",0.5898,0.412
"Pop50","Train0.50_Test0.75","Equal",3,"rf",0.5818,0.415466666666667
"Pop50","Train0.50_Test0.75","Equal",3,"svmLinear",0.6328,0.375733333333333
"Pop50","Train0.50_Test0.75","Equal",4,"knn",0.5942,0.401866666666667
"Pop50","Train0.50_Test0.75","Equal",4,"rf",0.5874,0.4144
"Pop50","Train0.50_Test0.75","Equal",4,"svmLinear",0.6424,0.3536
"Pop50","Train0.50_Test0.75","Equal",5,"knn",0.5768,0.4144
"Pop50","Train0.50_Test0.75","Equal",5,"rf",0.5806,0.413066666666667
"Pop50","Train0.50_Test0.75","Equal",5,"svmLinear",0.6246,0.373866666666667
"Pop50","Train0.50_Test0.75","Train>Test",1,"knn",0.602,0.38
"Pop50","Train0.50_Test0.75","Train>Test",1,"rf",0.598,0.4
"Pop50","Train0.50_Test0.75","Train>Test",1,"svmLinear",0.643,0.344
"Pop50","Train0.50_Test0.75","Train>Test",2,"knn",0.6,0.401333333333333
"Pop50","Train0.50_Test0.75","Train>Test",2,"rf",0.614,0.396
"Pop50","Train0.50_Test0.75","Train>Test",2,"svmLinear",0.631,0.364
"Pop50","Train0.50_Test0.75","Train>Test",3,"knn",0.575,0.416
"Pop50","Train0.50_Test0.75","Train>Test",3,"rf",0.593,0.4
"Pop50","Train0.50_Test0.75","Train>Test",3,"svmLinear",0.626,0.365333333333333
"Pop50","Train0.50_Test0.75","Train>Test",4,"knn",0.606,0.388
"Pop50","Train0.50_Test0.75","Train>Test",4,"rf",0.593,0.394666666666667
"Pop50","Train0.50_Test0.75","Train>Test",4,"svmLinear",0.646,0.356
"Pop50","Train0.50_Test0.75","Train>Test",5,"knn",0.585,0.426666666666667
"Pop50","Train0.50_Test0.75","Train>Test",5,"rf",0.587,0.406666666666667
"Pop50","Train0.50_Test0.75","Train>Test",5,"svmLinear",0.655,0.352
"Pop50","Train0.50_Test0.75","Test>Train",1,"knn",0.5776,0.422933333333333
"Pop50","Train0.50_Test0.75","Test>Train",1,"rf",0.5512,0.4496
"Pop50","Train0.50_Test0.75","Test>Train",1,"svmLinear",0.6272,0.372266666666667
"Pop50","Train0.50_Test0.75","Test>Train",2,"knn",0.589,0.4032
"Pop50","Train0.50_Test0.75","Test>Train",2,"rf",0.569,0.4112
"Pop50","Train0.50_Test0.75","Test>Train",2,"svmLinear",0.6414,0.351733333333333
"Pop50","Train0.50_Test0.75","Test>Train",3,"knn",0.5728,0.425066666666667
"Pop50","Train0.50_Test0.75","Test>Train",3,"rf",0.5634,0.436
"Pop50","Train0.50_Test0.75","Test>Train",3,"svmLinear",0.6382,0.360533333333333
"Pop50","Train0.50_Test0.75","Test>Train",4,"knn",0.5508,0.46
"Pop50","Train0.50_Test0.75","Test>Train",4,"rf",0.5506,0.459733333333333
"Pop50","Train0.50_Test0.75","Test>Train",4,"svmLinear",0.6296,0.374133333333333
"Pop50","Train0.50_Test0.75","Test>Train",5,"knn",0.5756,0.4224
"Pop50","Train0.50_Test0.75","Test>Train",5,"rf",0.5416,0.456533333333333
"Pop50","Train0.50_Test0.75","Test>Train",5,"svmLinear",0.6478,0.341866666666667
"Pop50","Train0.50_Test0.50","Equal",1,"knn",0.59,0.3976
"Pop50","Train0.50_Test0.50","Equal",1,"rf",0.588,0.3916
"Pop50","Train0.50_Test0.50","Equal",1,"svmLinear",0.6332,0.36
"Pop50","Train0.50_Test0.50","Equal",2,"knn",0.5898,0.3912
"Pop50","Train0.50_Test0.50","Equal",2,"rf",0.5986,0.3836
"Pop50","Train0.50_Test0.50","Equal",2,"svmLinear",0.6308,0.3628
"Pop50","Train0.50_Test0.50","Equal",3,"knn",0.584,0.4244
"Pop50","Train0.50_Test0.50","Equal",3,"rf",0.5752,0.4216
"Pop50","Train0.50_Test0.50","Equal",3,"svmLinear",0.6282,0.3804
"Pop50","Train0.50_Test0.50","Equal",4,"knn",0.596,0.4048
"Pop50","Train0.50_Test0.50","Equal",4,"rf",0.5916,0.4152
"Pop50","Train0.50_Test0.50","Equal",4,"svmLinear",0.6428,0.3684
"Pop50","Train0.50_Test0.50","Equal",5,"knn",0.593,0.414
"Pop50","Train0.50_Test0.50","Equal",5,"rf",0.5844,0.4112
"Pop50","Train0.50_Test0.50","Equal",5,"svmLinear",0.6312,0.3608
"Pop50","Train0.50_Test0.50","Train>Test",1,"knn",0.576,0.38
"Pop50","Train0.50_Test0.50","Train>Test",1,"rf",0.591,0.394
"Pop50","Train0.50_Test0.50","Train>Test",1,"svmLinear",0.642,0.346
"Pop50","Train0.50_Test0.50","Train>Test",2,"knn",0.615,0.4
"Pop50","Train0.50_Test0.50","Train>Test",2,"rf",0.581,0.42
"Pop50","Train0.50_Test0.50","Train>Test",2,"svmLinear",0.636,0.396
"Pop50","Train0.50_Test0.50","Train>Test",3,"knn",0.562,0.444
"Pop50","Train0.50_Test0.50","Train>Test",3,"rf",0.587,0.394
"Pop50","Train0.50_Test0.50","Train>Test",3,"svmLinear",0.603,0.38
"Pop50","Train0.50_Test0.50","Train>Test",4,"knn",0.573,0.442
"Pop50","Train0.50_Test0.50","Train>Test",4,"rf",0.569,0.406
"Pop50","Train0.50_Test0.50","Train>Test",4,"svmLinear",0.631,0.352
"Pop50","Train0.50_Test0.50","Train>Test",5,"knn",0.578,0.41
"Pop50","Train0.50_Test0.50","Train>Test",5,"rf",0.569,0.418
"Pop50","Train0.50_Test0.50","Train>Test",5,"svmLinear",0.637,0.356
"Pop50","Train0.50_Test0.50","Test>Train",1,"knn",0.5786,0.4248
"Pop50","Train0.50_Test0.50","Test>Train",1,"rf",0.5478,0.4572
"Pop50","Train0.50_Test0.50","Test>Train",1,"svmLinear",0.6204,0.3824
"Pop50","Train0.50_Test0.50","Test>Train",2,"knn",0.573,0.424
"Pop50","Train0.50_Test0.50","Test>Train",2,"rf",0.5322,0.4688
"Pop50","Train0.50_Test0.50","Test>Train",2,"svmLinear",0.6446,0.3472
"Pop50","Train0.50_Test0.50","Test>Train",3,"knn",0.5888,0.4144
"Pop50","Train0.50_Test0.50","Test>Train",3,"rf",0.5642,0.4656
"Pop50","Train0.50_Test0.50","Test>Train",3,"svmLinear",0.6418,0.3684
"Pop50","Train0.50_Test0.50","Test>Train",4,"knn",0.5916,0.4068
"Pop50","Train0.50_Test0.50","Test>Train",4,"rf",0.5574,0.4632
"Pop50","Train0.50_Test0.50","Test>Train",4,"svmLinear",0.6354,0.3664
"Pop50","Train0.50_Test0.50","Test>Train",5,"knn",0.567,0.448
"Pop50","Train0.50_Test0.50","Test>Train",5,"rf",0.5536,0.4336
"Pop50","Train0.50_Test0.50","Test>Train",5,"svmLinear",0.6388,0.3696
"Pop50","Train0.50_Test0.25","Equal",1,"knn",0.5958,0.38
"Pop50","Train0.50_Test0.25","Equal",1,"rf",0.5844,0.3952
"Pop50","Train0.50_Test0.25","Equal",1,"svmLinear",0.633,0.3496
"Pop50","Train0.50_Test0.25","Equal",2,"knn",0.5828,0.4248
"Pop50","Train0.50_Test0.25","Equal",2,"rf",0.5862,0.396
"Pop50","Train0.50_Test0.25","Equal",2,"svmLinear",0.627,0.3656
"Pop50","Train0.50_Test0.25","Equal",3,"knn",0.5768,0.3968
"Pop50","Train0.50_Test0.25","Equal",3,"rf",0.5852,0.4248
"Pop50","Train0.50_Test0.25","Equal",3,"svmLinear",0.6398,0.3544
"Pop50","Train0.50_Test0.25","Equal",4,"knn",0.6014,0.4168
"Pop50","Train0.50_Test0.25","Equal",4,"rf",0.5926,0.3896
"Pop50","Train0.50_Test0.25","Equal",4,"svmLinear",0.64,0.3568
"Pop50","Train0.50_Test0.25","Equal",5,"knn",0.586,0.4128
"Pop50","Train0.50_Test0.25","Equal",5,"rf",0.5826,0.4048
"Pop50","Train0.50_Test0.25","Equal",5,"svmLinear",0.6242,0.3792
"Pop50","Train0.50_Test0.25","Train>Test",1,"knn",0.569,0.376
"Pop50","Train0.50_Test0.25","Train>Test",1,"rf",0.584,0.4
"Pop50","Train0.50_Test0.25","Train>Test",1,"svmLinear",0.632,0.368
"Pop50","Train0.50_Test0.25","Train>Test",2,"knn",0.607,0.396
"Pop50","Train0.50_Test0.25","Train>Test",2,"rf",0.604,0.424
"Pop50","Train0.50_Test0.25","Train>Test",2,"svmLinear",0.636,0.356
"Pop50","Train0.50_Test0.25","Train>Test",3,"knn",0.583,0.428
"Pop50","Train0.50_Test0.25","Train>Test",3,"rf",0.579,0.432
"Pop50","Train0.50_Test0.25","Train>Test",3,"svmLinear",0.636,0.352
"Pop50","Train0.50_Test0.25","Train>Test",4,"knn",0.565,0.432
"Pop50","Train0.50_Test0.25","Train>Test",4,"rf",0.59,0.408
"Pop50","Train0.50_Test0.25","Train>Test",4,"svmLinear",0.61,0.384
"Pop50","Train0.50_Test0.25","Train>Test",5,"knn",0.578,0.412
"Pop50","Train0.50_Test0.25","Train>Test",5,"rf",0.582,0.424
"Pop50","Train0.50_Test0.25","Train>Test",5,"svmLinear",0.619,0.352
"Pop50","Train0.50_Test0.25","Test>Train",1,"knn",0.5788,0.428
"Pop50","Train0.50_Test0.25","Test>Train",1,"rf",0.5516,0.4544
"Pop50","Train0.50_Test0.25","Test>Train",1,"svmLinear",0.6206,0.388
"Pop50","Train0.50_Test0.25","Test>Train",2,"knn",0.584,0.4064
"Pop50","Train0.50_Test0.25","Test>Train",2,"rf",0.545,0.4152
"Pop50","Train0.50_Test0.25","Test>Train",2,"svmLinear",0.6392,0.3632
"Pop50","Train0.50_Test0.25","Test>Train",3,"knn",0.5934,0.4
"Pop50","Train0.50_Test0.25","Test>Train",3,"rf",0.559,0.424
"Pop50","Train0.50_Test0.25","Test>Train",3,"svmLinear",0.6218,0.3488
"Pop50","Train0.50_Test0.25","Test>Train",4,"knn",0.5844,0.428
"Pop50","Train0.50_Test0.25","Test>Train",4,"rf",0.5592,0.4576
"Pop50","Train0.50_Test0.25","Test>Train",4,"svmLinear",0.6502,0.3512
"Pop50","Train0.50_Test0.25","Test>Train",5,"knn",0.6076,0.4
"Pop50","Train0.50_Test0.25","Test>Train",5,"rf",0.5622,0.4064
"Pop50","Train0.50_Test0.25","Test>Train",5,"svmLinear",0.6384,0.3512
"Pop75","Train0.75_Test0.75","Equal",1,"knn",0.7192,0.120266666666667
"Pop75","Train0.75_Test0.75","Equal",1,"rf",0.6866,0.2104
"Pop75","Train0.75_Test0.75","Equal",1,"svmLinear",0.75,0
"Pop75","Train0.75_Test0.75","Equal",2,"knn",0.7198,0.124533333333333
"Pop75","Train0.75_Test0.75","Equal",2,"rf",0.6824,0.2072
"Pop75","Train0.75_Test0.75","Equal",2,"svmLinear",0.75,0
"Pop75","Train0.75_Test0.75","Equal",3,"knn",0.7098,0.121333333333333
"Pop75","Train0.75_Test0.75","Equal",3,"rf",0.6902,0.198133333333333
"Pop75","Train0.75_Test0.75","Equal",3,"svmLinear",0.75,0
"Pop75","Train0.75_Test0.75","Equal",4,"knn",0.7308,0.108533333333333
"Pop75","Train0.75_Test0.75","Equal",4,"rf",0.6906,0.2032
"Pop75","Train0.75_Test0.75","Equal",4,"svmLinear",0.75,0
"Pop75","Train0.75_Test0.75","Equal",5,"knn",0.7198,0.117066666666667
"Pop75","Train0.75_Test0.75","Equal",5,"rf",0.6882,0.213866666666667
"Pop75","Train0.75_Test0.75","Equal",5,"svmLinear",0.75,0
"Pop75","Train0.75_Test0.75","Train>Test",1,"knn",0.705,0.130666666666667
"Pop75","Train0.75_Test0.75","Train>Test",1,"rf",0.682,0.222666666666667
"Pop75","Train0.75_Test0.75","Train>Test",1,"svmLinear",0.75,0
"Pop75","Train0.75_Test0.75","Train>Test",2,"knn",0.703,0.122666666666667
"Pop75","Train0.75_Test0.75","Train>Test",2,"rf",0.678,0.216
"Pop75","Train0.75_Test0.75","Train>Test",2,"svmLinear",0.75,0
"Pop75","Train0.75_Test0.75","Train>Test",3,"knn",0.725,0.12
"Pop75","Train0.75_Test0.75","Train>Test",3,"rf",0.705,0.192
"Pop75","Train0.75_Test0.75","Train>Test",3,"svmLinear",0.75,0
"Pop75","Train0.75_Test0.75","Train>Test",4,"knn",0.73,0.105333333333333
"Pop75","Train0.75_Test0.75","Train>Test",4,"rf",0.72,0.181333333333333
"Pop75","Train0.75_Test0.75","Train>Test",4,"svmLinear",0.75,0
"Pop75","Train0.75_Test0.75","Train>Test",5,"knn",0.716,0.118666666666667
"Pop75","Train0.75_Test0.75","Train>Test",5,"rf",0.686,0.201333333333333
"Pop75","Train0.75_Test0.75","Train>Test",5,"svmLinear",0.75,0
"Pop75","Train0.75_Test0.75","Test>Train",1,"knn",0.6952,0.147733333333333
"Pop75","Train0.75_Test0.75","Test>Train",1,"rf",0.6658,0.2144
"Pop75","Train0.75_Test0.75","Test>Train",1,"svmLinear",0.75,0
"Pop75","Train0.75_Test0.75","Test>Train",2,"knn",0.6996,0.136
"Pop75","Train0.75_Test0.75","Test>Train",2,"rf",0.641,0.248266666666667
"Pop75","Train0.75_Test0.75","Test>Train",2,"svmLinear",0.75,0
"Pop75","Train0.75_Test0.75","Test>Train",3,"knn",0.718,0.110933333333333
"Pop75","Train0.75_Test0.75","Test>Train",3,"rf",0.6594,0.2256
"Pop75","Train0.75_Test0.75","Test>Train",3,"svmLinear",0.75,0
"Pop75","Train0.75_Test0.75","Test>Train",4,"knn",0.7196,0.117333333333333
"Pop75","Train0.75_Test0.75","Test>Train",4,"rf",0.6452,0.237333333333333
"Pop75","Train0.75_Test0.75","Test>Train",4,"svmLinear",0.75,0
"Pop75","Train0.75_Test0.75","Test>Train",5,"knn",0.712,0.1328
"Pop75","Train0.75_Test0.75","Test>Train",5,"rf",0.6648,0.233866666666667
"Pop75","Train0.75_Test0.75","Test>Train",5,"svmLinear",0.75,0
"Pop75","Train0.75_Test0.50","Equal",1,"knn",0.5518,0.1268
"Pop75","Train0.75_Test0.50","Equal",1,"rf",0.5796,0.2128
"Pop75","Train0.75_Test0.50","Equal",1,"svmLinear",0.5,0
"Pop75","Train0.75_Test0.50","Equal",2,"knn",0.5582,0.114
"Pop75","Train0.75_Test0.50","Equal",2,"rf",0.5948,0.19
"Pop75","Train0.75_Test0.50","Equal",2,"svmLinear",0.5,0
"Pop75","Train0.75_Test0.50","Equal",3,"knn",0.5334,0.12
"Pop75","Train0.75_Test0.50","Equal",3,"rf",0.5866,0.2072
"Pop75","Train0.75_Test0.50","Equal",3,"svmLinear",0.5,0
"Pop75","Train0.75_Test0.50","Equal",4,"knn",0.5436,0.1264
"Pop75","Train0.75_Test0.50","Equal",4,"rf",0.5758,0.2296
"Pop75","Train0.75_Test0.50","Equal",4,"svmLinear",0.5,0
"Pop75","Train0.75_Test0.50","Equal",5,"knn",0.5536,0.1292
"Pop75","Train0.75_Test0.50","Equal",5,"rf",0.5824,0.204
"Pop75","Train0.75_Test0.50","Equal",5,"svmLinear",0.5,0
"Pop75","Train0.75_Test0.50","Train>Test",1,"knn",0.555,0.132
"Pop75","Train0.75_Test0.50","Train>Test",1,"rf",0.586,0.218
"Pop75","Train0.75_Test0.50","Train>Test",1,"svmLinear",0.5,0
"Pop75","Train0.75_Test0.50","Train>Test",2,"knn",0.55,0.12
"Pop75","Train0.75_Test0.50","Train>Test",2,"rf",0.584,0.208
"Pop75","Train0.75_Test0.50","Train>Test",2,"svmLinear",0.5,0
"Pop75","Train0.75_Test0.50","Train>Test",3,"knn",0.57,0.088
"Pop75","Train0.75_Test0.50","Train>Test",3,"rf",0.592,0.184
"Pop75","Train0.75_Test0.50","Train>Test",3,"svmLinear",0.5,0
"Pop75","Train0.75_Test0.50","Train>Test",4,"knn",0.566,0.126
"Pop75","Train0.75_Test0.50","Train>Test",4,"rf",0.587,0.21
"Pop75","Train0.75_Test0.50","Train>Test",4,"svmLinear",0.5,0
"Pop75","Train0.75_Test0.50","Train>Test",5,"knn",0.54,0.118
"Pop75","Train0.75_Test0.50","Train>Test",5,"rf",0.576,0.204
"Pop75","Train0.75_Test0.50","Train>Test",5,"svmLinear",0.5,0
"Pop75","Train0.75_Test0.50","Test>Train",1,"knn",0.5278,0.154
"Pop75","Train0.75_Test0.50","Test>Train",1,"rf",0.5458,0.2224
"Pop75","Train0.75_Test0.50","Test>Train",1,"svmLinear",0.5,0
"Pop75","Train0.75_Test0.50","Test>Train",2,"knn",0.5518,0.1244
"Pop75","Train0.75_Test0.50","Test>Train",2,"rf",0.5478,0.24
"Pop75","Train0.75_Test0.50","Test>Train",2,"svmLinear",0.5,0
"Pop75","Train0.75_Test0.50","Test>Train",3,"knn",0.5448,0.1224
"Pop75","Train0.75_Test0.50","Test>Train",3,"rf",0.5516,0.2016
"Pop75","Train0.75_Test0.50","Test>Train",3,"svmLinear",0.5,0
"Pop75","Train0.75_Test0.50","Test>Train",4,"knn",0.5444,0.114
"Pop75","Train0.75_Test0.50","Test>Train",4,"rf",0.5406,0.2364
"Pop75","Train0.75_Test0.50","Test>Train",4,"svmLinear",0.5,0
"Pop75","Train0.75_Test0.50","Test>Train",5,"knn",0.5436,0.1152
"Pop75","Train0.75_Test0.50","Test>Train",5,"rf",0.5384,0.2376
"Pop75","Train0.75_Test0.50","Test>Train",5,"svmLinear",0.5,0
"Pop75","Train0.75_Test0.25","Equal",1,"knn",0.3872,0.136
"Pop75","Train0.75_Test0.25","Equal",1,"rf",0.4768,0.212
"Pop75","Train0.75_Test0.25","Equal",1,"svmLinear",0.25,0
"Pop75","Train0.75_Test0.25","Equal",2,"knn",0.3798,0.1272
"Pop75","Train0.75_Test0.25","Equal",2,"rf",0.4638,0.1984
"Pop75","Train0.75_Test0.25","Equal",2,"svmLinear",0.25,0
"Pop75","Train0.75_Test0.25","Equal",3,"knn",0.3974,0.1216
"Pop75","Train0.75_Test0.25","Equal",3,"rf",0.464,0.2216
"Pop75","Train0.75_Test0.25","Equal",3,"svmLinear",0.25,0
"Pop75","Train0.75_Test0.25","Equal",4,"knn",0.4028,0.1232
"Pop75","Train0.75_Test0.25","Equal",4,"rf",0.4888,0.22
"Pop75","Train0.75_Test0.25","Equal",4,"svmLinear",0.25,0
"Pop75","Train0.75_Test0.25","Equal",5,"knn",0.3796,0.1168
"Pop75","Train0.75_Test0.25","Equal",5,"rf",0.4794,0.1952
"Pop75","Train0.75_Test0.25","Equal",5,"svmLinear",0.25,0
"Pop75","Train0.75_Test0.25","Train>Test",1,"knn",0.401,0.144
"Pop75","Train0.75_Test0.25","Train>Test",1,"rf",0.488,0.232
"Pop75","Train0.75_Test0.25","Train>Test",1,"svmLinear",0.25,0
"Pop75","Train0.75_Test0.25","Train>Test",2,"knn",0.396,0.108
"Pop75","Train0.75_Test0.25","Train>Test",2,"rf",0.478,0.204
"Pop75","Train0.75_Test0.25","Train>Test",2,"svmLinear",0.25,0
"Pop75","Train0.75_Test0.25","Train>Test",3,"knn",0.411,0.12
"Pop75","Train0.75_Test0.25","Train>Test",3,"rf",0.465,0.256
"Pop75","Train0.75_Test0.25","Train>Test",3,"svmLinear",0.25,0
"Pop75","Train0.75_Test0.25","Train>Test",4,"knn",0.386,0.112
"Pop75","Train0.75_Test0.25","Train>Test",4,"rf",0.457,0.22
"Pop75","Train0.75_Test0.25","Train>Test",4,"svmLinear",0.25,0
"Pop75","Train0.75_Test0.25","Train>Test",5,"knn",0.382,0.14
"Pop75","Train0.75_Test0.25","Train>Test",5,"rf",0.497,0.232
"Pop75","Train0.75_Test0.25","Train>Test",5,"svmLinear",0.25,0
"Pop75","Train0.75_Test0.25","Test>Train",1,"knn",0.381,0.1696
"Pop75","Train0.75_Test0.25","Test>Train",1,"rf",0.4296,0.2368
"Pop75","Train0.75_Test0.25","Test>Train",1,"svmLinear",0.25,0
"Pop75","Train0.75_Test0.25","Test>Train",2,"knn",0.3728,0.0912
"Pop75","Train0.75_Test0.25","Test>Train",2,"rf",0.4508,0.1968
"Pop75","Train0.75_Test0.25","Test>Train",2,"svmLinear",0.25,0
"Pop75","Train0.75_Test0.25","Test>Train",3,"knn",0.3714,0.1184
"Pop75","Train0.75_Test0.25","Test>Train",3,"rf",0.4086,0.2344
"Pop75","Train0.75_Test0.25","Test>Train",3,"svmLinear",0.25,0
"Pop75","Train0.75_Test0.25","Test>Train",4,"knn",0.3606,0.1272
"Pop75","Train0.75_Test0.25","Test>Train",4,"rf",0.4334,0.2592
"Pop75","Train0.75_Test0.25","Test>Train",4,"svmLinear",0.25,0
"Pop75","Train0.75_Test0.25","Test>Train",5,"knn",0.3784,0.1048
"Pop75","Train0.75_Test0.25","Test>Train",5,"rf",0.4272,0.2296
"Pop75","Train0.75_Test0.25","Test>Train",5,"svmLinear",0.25,0
