"Population","Case","Size","Replicate","Accuracy","FNR"
"Pop25","Train0.25_Test0.75","Equal",1,0.2926,0.933333333333333
"Pop25","Train0.25_Test0.75","Equal",2,0.3112,0.909333333333333
"Pop25","Train0.25_Test0.75","Equal",3,0.3042,0.917333333333333
"Pop25","Train0.25_Test0.75","Equal",4,0.302,0.923466666666667
"Pop25","Train0.25_Test0.75","Equal",5,0.2812,0.9544
"Pop25","Train0.25_Test0.75","Train>Test",1,0.305,0.918666666666667
"Pop25","Train0.25_Test0.75","Train>Test",2,0.297,0.932
"Pop25","Train0.25_Test0.75","Train>Test",3,0.293,0.936
"Pop25","Train0.25_Test0.75","Train>Test",4,0.294,0.930666666666667
"Pop25","Train0.25_Test0.75","Train>Test",5,0.304,0.921333333333333
"Pop25","Train0.25_Test0.75","Test>Train",1,0.304,0.9104
"Pop25","Train0.25_Test0.75","Test>Train",2,0.3374,0.862133333333333
"Pop25","Train0.25_Test0.75","Test>Train",3,0.3528,0.844
"Pop25","Train0.25_Test0.75","Test>Train",4,0.344,0.8528
"Pop25","Train0.25_Test0.75","Test>Train",5,0.3292,0.8728
"Pop25","Train0.25_Test0.50","Equal",1,0.5226,0.9312
"Pop25","Train0.25_Test0.50","Equal",2,0.5228,0.9132
"Pop25","Train0.25_Test0.50","Equal",3,0.5148,0.952
"Pop25","Train0.25_Test0.50","Equal",4,0.5192,0.9368
"Pop25","Train0.25_Test0.50","Equal",5,0.5228,0.9252
"Pop25","Train0.25_Test0.50","Train>Test",1,0.526,0.916
"Pop25","Train0.25_Test0.50","Train>Test",2,0.523,0.926
"Pop25","Train0.25_Test0.50","Train>Test",3,0.523,0.916
"Pop25","Train0.25_Test0.50","Train>Test",4,0.552,0.858
"Pop25","Train0.25_Test0.50","Train>Test",5,0.514,0.954
"Pop25","Train0.25_Test0.50","Test>Train",1,0.5224,0.9116
"Pop25","Train0.25_Test0.50","Test>Train",2,0.5306,0.894
"Pop25","Train0.25_Test0.50","Test>Train",3,0.537,0.8664
"Pop25","Train0.25_Test0.50","Test>Train",4,0.543,0.8416
"Pop25","Train0.25_Test0.50","Test>Train",5,0.5344,0.8788
"Pop25","Train0.25_Test0.25","Equal",1,0.7472,0.9312
"Pop25","Train0.25_Test0.25","Equal",2,0.748,0.9232
"Pop25","Train0.25_Test0.25","Equal",3,0.7416,0.8728
"Pop25","Train0.25_Test0.25","Equal",4,0.751,0.9064
"Pop25","Train0.25_Test0.25","Equal",5,0.7524,0.904
"Pop25","Train0.25_Test0.25","Train>Test",1,0.746,0.932
"Pop25","Train0.25_Test0.25","Train>Test",2,0.75,0.924
"Pop25","Train0.25_Test0.25","Train>Test",3,0.74,0.876
"Pop25","Train0.25_Test0.25","Train>Test",4,0.758,0.912
"Pop25","Train0.25_Test0.25","Train>Test",5,0.739,0.956
"Pop25","Train0.25_Test0.25","Test>Train",1,0.739,0.9032
"Pop25","Train0.25_Test0.25","Test>Train",2,0.7338,0.8704
"Pop25","Train0.25_Test0.25","Test>Train",3,0.7368,0.8728
"Pop25","Train0.25_Test0.25","Test>Train",4,0.7452,0.9064
"Pop25","Train0.25_Test0.25","Test>Train",5,0.7346,0.8344
"Pop50","Train0.50_Test0.75","Equal",1,0.6188,0.397066666666667
"Pop50","Train0.50_Test0.75","Equal",2,0.6618,0.298133333333333
"Pop50","Train0.50_Test0.75","Equal",3,0.643,0.353866666666667
"Pop50","Train0.50_Test0.75","Equal",4,0.6068,0.409066666666667
"Pop50","Train0.50_Test0.75","Equal",5,0.6258,0.384
"Pop50","Train0.50_Test0.75","Train>Test",1,0.63,0.377333333333333
"Pop50","Train0.50_Test0.75","Train>Test",2,0.634,0.366666666666667
"Pop50","Train0.50_Test0.75","Train>Test",3,0.633,0.364
"Pop50","Train0.50_Test0.75","Train>Test",4,0.648,0.344
"Pop50","Train0.50_Test0.75","Train>Test",5,0.583,0.452
"Pop50","Train0.50_Test0.75","Test>Train",1,0.5976,0.392533333333333
"Pop50","Train0.50_Test0.75","Test>Train",2,0.6152,0.3824
"Pop50","Train0.50_Test0.75","Test>Train",3,0.6072,0.390666666666667
"Pop50","Train0.50_Test0.75","Test>Train",4,0.6272,0.380266666666667
"Pop50","Train0.50_Test0.75","Test>Train",5,0.6272,0.366666666666667
"Pop50","Train0.50_Test0.50","Equal",1,0.6318,0.3964
"Pop50","Train0.50_Test0.50","Equal",2,0.6322,0.3188
"Pop50","Train0.50_Test0.50","Equal",3,0.635,0.35
"Pop50","Train0.50_Test0.50","Equal",4,0.6218,0.3956
"Pop50","Train0.50_Test0.50","Equal",5,0.6392,0.3568
"Pop50","Train0.50_Test0.50","Train>Test",1,0.654,0.368
"Pop50","Train0.50_Test0.50","Train>Test",2,0.63,0.364
"Pop50","Train0.50_Test0.50","Train>Test",3,0.619,0.368
"Pop50","Train0.50_Test0.50","Train>Test",4,0.633,0.344
"Pop50","Train0.50_Test0.50","Train>Test",5,0.625,0.45
"Pop50","Train0.50_Test0.50","Test>Train",1,0.5878,0.3928
"Pop50","Train0.50_Test0.50","Test>Train",2,0.6178,0.3772
"Pop50","Train0.50_Test0.50","Test>Train",3,0.61,0.3984
"Pop50","Train0.50_Test0.50","Test>Train",4,0.6286,0.3352
"Pop50","Train0.50_Test0.50","Test>Train",5,0.6238,0.3656
"Pop50","Train0.50_Test0.25","Equal",1,0.6462,0.392
"Pop50","Train0.50_Test0.25","Equal",2,0.6026,0.3184
"Pop50","Train0.50_Test0.25","Equal",3,0.625,0.3448
"Pop50","Train0.50_Test0.25","Equal",4,0.6452,0.4288
"Pop50","Train0.50_Test0.25","Equal",5,0.635,0.3568
"Pop50","Train0.50_Test0.25","Train>Test",1,0.661,0.372
"Pop50","Train0.50_Test0.25","Train>Test",2,0.608,0.416
"Pop50","Train0.50_Test0.25","Train>Test",3,0.616,0.356
"Pop50","Train0.50_Test0.25","Train>Test",4,0.624,0.344
"Pop50","Train0.50_Test0.25","Train>Test",5,0.64,0.452
"Pop50","Train0.50_Test0.25","Test>Train",1,0.5822,0.3848
"Pop50","Train0.50_Test0.25","Test>Train",2,0.6106,0.3512
"Pop50","Train0.50_Test0.25","Test>Train",3,0.6172,0.4064
"Pop50","Train0.50_Test0.25","Test>Train",4,0.6084,0.3432
"Pop50","Train0.50_Test0.25","Test>Train",5,0.6268,0.3736
"Pop75","Train0.75_Test0.75","Equal",1,0.7478,0.0184
"Pop75","Train0.75_Test0.75","Equal",2,0.7434,0.0357333333333333
"Pop75","Train0.75_Test0.75","Equal",3,0.7492,0.0202666666666667
"Pop75","Train0.75_Test0.75","Equal",4,0.7492,0.0168
"Pop75","Train0.75_Test0.75","Equal",5,0.7476,0.0250666666666667
"Pop75","Train0.75_Test0.75","Train>Test",1,0.745,0.028
"Pop75","Train0.75_Test0.75","Train>Test",2,0.757,0.0186666666666667
"Pop75","Train0.75_Test0.75","Train>Test",3,0.743,0.028
"Pop75","Train0.75_Test0.75","Train>Test",4,0.746,0.0133333333333333
"Pop75","Train0.75_Test0.75","Train>Test",5,0.746,0.0413333333333333
"Pop75","Train0.75_Test0.75","Test>Train",1,0.725,0.0864
"Pop75","Train0.75_Test0.75","Test>Train",2,0.7402,0.0584
"Pop75","Train0.75_Test0.75","Test>Train",3,0.7462,0.0493333333333333
"Pop75","Train0.75_Test0.75","Test>Train",4,0.734,0.0634666666666667
"Pop75","Train0.75_Test0.75","Test>Train",5,0.7418,0.0424
"Pop75","Train0.75_Test0.50","Equal",1,0.5146,0.0196
"Pop75","Train0.75_Test0.50","Equal",2,0.5374,0.0316
"Pop75","Train0.75_Test0.50","Equal",3,0.5292,0.0224
"Pop75","Train0.75_Test0.50","Equal",4,0.5238,0.024
"Pop75","Train0.75_Test0.50","Equal",5,0.524,0.056
"Pop75","Train0.75_Test0.50","Train>Test",1,0.517,0.022
"Pop75","Train0.75_Test0.50","Train>Test",2,0.519,0.018
"Pop75","Train0.75_Test0.50","Train>Test",3,0.524,0.018
"Pop75","Train0.75_Test0.50","Train>Test",4,0.548,0.024
"Pop75","Train0.75_Test0.50","Train>Test",5,0.517,0.02
"Pop75","Train0.75_Test0.50","Test>Train",1,0.5308,0.092
"Pop75","Train0.75_Test0.50","Test>Train",2,0.5388,0.07
"Pop75","Train0.75_Test0.50","Test>Train",3,0.5154,0.0368
"Pop75","Train0.75_Test0.50","Test>Train",4,0.5268,0.048
"Pop75","Train0.75_Test0.50","Test>Train",5,0.5336,0.0388
"Pop75","Train0.75_Test0.25","Equal",1,0.2816,0.0256
"Pop75","Train0.75_Test0.25","Equal",2,0.3034,0.0368
"Pop75","Train0.75_Test0.25","Equal",3,0.2864,0.0128
"Pop75","Train0.75_Test0.25","Equal",4,0.2814,0.016
"Pop75","Train0.75_Test0.25","Equal",5,0.3062,0.0336
"Pop75","Train0.75_Test0.25","Train>Test",1,0.29,0.016
"Pop75","Train0.75_Test0.25","Train>Test",2,0.294,0.032
"Pop75","Train0.75_Test0.25","Train>Test",3,0.322,0
"Pop75","Train0.75_Test0.25","Train>Test",4,0.275,0.012
"Pop75","Train0.75_Test0.25","Train>Test",5,0.287,0.016
"Pop75","Train0.75_Test0.25","Test>Train",1,0.356,0.0984
"Pop75","Train0.75_Test0.25","Test>Train",2,0.3418,0.088
"Pop75","Train0.75_Test0.25","Test>Train",3,0.31,0.0336
"Pop75","Train0.75_Test0.25","Test>Train",4,0.3328,0.0648
"Pop75","Train0.75_Test0.25","Test>Train",5,0.3178,0.0496
