"Population","Case","Size","Strength","Replicate","Accuracy","FNR"
"Pop25","Train0.25_Test0.75","Equal","TrainStrong_TestStrong",1,0.8912,0.138933333333333
"Pop25","Train0.25_Test0.75","Equal","TrainStrong_TestStrong",2,0.9006,0.125866666666667
"Pop25","Train0.25_Test0.75","Equal","TrainStrong_TestStrong",3,0.9042,0.118133333333333
"Pop25","Train0.25_Test0.75","Equal","TrainStrong_TestStrong",4,0.8862,0.142933333333333
"Pop25","Train0.25_Test0.75","Equal","TrainStrong_TestStrong",5,0.8932,0.132266666666667
"Pop25","Train0.25_Test0.75","Train>Test","TrainStrong_TestStrong",1,0.886,0.141333333333333
"Pop25","Train0.25_Test0.75","Train>Test","TrainStrong_TestStrong",2,0.899,0.124
"Pop25","Train0.25_Test0.75","Train>Test","TrainStrong_TestStrong",3,0.906,0.114666666666667
"Pop25","Train0.25_Test0.75","Train>Test","TrainStrong_TestStrong",4,0.909,0.112
"Pop25","Train0.25_Test0.75","Train>Test","TrainStrong_TestStrong",5,0.891,0.138666666666667
"Pop25","Train0.25_Test0.75","Train<Test","TrainStrong_TestStrong",1,0.9098,0.109866666666667
"Pop25","Train0.25_Test0.75","Train<Test","TrainStrong_TestStrong",2,0.91,0.107466666666667
"Pop25","Train0.25_Test0.75","Train<Test","TrainStrong_TestStrong",3,0.9074,0.1136
"Pop25","Train0.25_Test0.75","Train<Test","TrainStrong_TestStrong",4,0.908,0.109866666666667
"Pop25","Train0.25_Test0.75","Train<Test","TrainStrong_TestStrong",5,0.9078,0.1128
"Pop25","Train0.25_Test0.75","Equal","TrainStrong_TestWeak",1,0.7746,0.246933333333333
"Pop25","Train0.25_Test0.75","Equal","TrainStrong_TestWeak",2,0.78,0.240266666666667
"Pop25","Train0.25_Test0.75","Equal","TrainStrong_TestWeak",3,0.782,0.244533333333333
"Pop25","Train0.25_Test0.75","Equal","TrainStrong_TestWeak",4,0.7744,0.249866666666667
"Pop25","Train0.25_Test0.75","Equal","TrainStrong_TestWeak",5,0.7776,0.246933333333333
"Pop25","Train0.25_Test0.75","Train>Test","TrainStrong_TestWeak",1,0.774,0.248
"Pop25","Train0.25_Test0.75","Train>Test","TrainStrong_TestWeak",2,0.77,0.248
"Pop25","Train0.25_Test0.75","Train>Test","TrainStrong_TestWeak",3,0.785,0.234666666666667
"Pop25","Train0.25_Test0.75","Train>Test","TrainStrong_TestWeak",4,0.781,0.24
"Pop25","Train0.25_Test0.75","Train>Test","TrainStrong_TestWeak",5,0.784,0.245333333333333
"Pop25","Train0.25_Test0.75","Train<Test","TrainStrong_TestWeak",1,0.7758,0.247733333333333
"Pop25","Train0.25_Test0.75","Train<Test","TrainStrong_TestWeak",2,0.7858,0.2272
"Pop25","Train0.25_Test0.75","Train<Test","TrainStrong_TestWeak",3,0.7838,0.2368
"Pop25","Train0.25_Test0.75","Train<Test","TrainStrong_TestWeak",4,0.7876,0.2312
"Pop25","Train0.25_Test0.75","Train<Test","TrainStrong_TestWeak",5,0.7856,0.237866666666667
"Pop25","Train0.25_Test0.75","Equal","TrainWeak_TestStrong",1,0.7712,0.305066666666667
"Pop25","Train0.25_Test0.75","Equal","TrainWeak_TestStrong",2,0.7516,0.3312
"Pop25","Train0.25_Test0.75","Equal","TrainWeak_TestStrong",3,0.7528,0.3296
"Pop25","Train0.25_Test0.75","Equal","TrainWeak_TestStrong",4,0.7554,0.325866666666667
"Pop25","Train0.25_Test0.75","Equal","TrainWeak_TestStrong",5,0.759,0.3208
"Pop25","Train0.25_Test0.75","Train>Test","TrainWeak_TestStrong",1,0.774,0.3
"Pop25","Train0.25_Test0.75","Train>Test","TrainWeak_TestStrong",2,0.75,0.333333333333333
"Pop25","Train0.25_Test0.75","Train>Test","TrainWeak_TestStrong",3,0.771,0.305333333333333
"Pop25","Train0.25_Test0.75","Train>Test","TrainWeak_TestStrong",4,0.764,0.314666666666667
"Pop25","Train0.25_Test0.75","Train>Test","TrainWeak_TestStrong",5,0.746,0.338666666666667
"Pop25","Train0.25_Test0.75","Train<Test","TrainWeak_TestStrong",1,0.7684,0.308
"Pop25","Train0.25_Test0.75","Train<Test","TrainWeak_TestStrong",2,0.7656,0.311733333333333
"Pop25","Train0.25_Test0.75","Train<Test","TrainWeak_TestStrong",3,0.7528,0.3288
"Pop25","Train0.25_Test0.75","Train<Test","TrainWeak_TestStrong",4,0.7474,0.336533333333333
"Pop25","Train0.25_Test0.75","Train<Test","TrainWeak_TestStrong",5,0.7608,0.318933333333333
"Pop25","Train0.25_Test0.75","Equal","TrainWeak_TestWeak",1,0.6892,0.3848
"Pop25","Train0.25_Test0.75","Equal","TrainWeak_TestWeak",2,0.6784,0.401066666666667
"Pop25","Train0.25_Test0.75","Equal","TrainWeak_TestWeak",3,0.6898,0.393866666666667
"Pop25","Train0.25_Test0.75","Equal","TrainWeak_TestWeak",4,0.6842,0.395466666666667
"Pop25","Train0.25_Test0.75","Equal","TrainWeak_TestWeak",5,0.6904,0.390666666666667
"Pop25","Train0.25_Test0.75","Train>Test","TrainWeak_TestWeak",1,0.68,0.393333333333333
"Pop25","Train0.25_Test0.75","Train>Test","TrainWeak_TestWeak",2,0.679,0.398666666666667
"Pop25","Train0.25_Test0.75","Train>Test","TrainWeak_TestWeak",3,0.677,0.406666666666667
"Pop25","Train0.25_Test0.75","Train>Test","TrainWeak_TestWeak",4,0.69,0.389333333333333
"Pop25","Train0.25_Test0.75","Train>Test","TrainWeak_TestWeak",5,0.702,0.378666666666667
"Pop25","Train0.25_Test0.75","Train<Test","TrainWeak_TestWeak",1,0.6858,0.393066666666667
"Pop25","Train0.25_Test0.75","Train<Test","TrainWeak_TestWeak",2,0.6884,0.389333333333333
"Pop25","Train0.25_Test0.75","Train<Test","TrainWeak_TestWeak",3,0.6798,0.403733333333333
"Pop25","Train0.25_Test0.75","Train<Test","TrainWeak_TestWeak",4,0.6638,0.426666666666667
"Pop25","Train0.25_Test0.75","Train<Test","TrainWeak_TestWeak",5,0.694,0.386666666666667
"Pop25","Train0.25_Test0.5","Equal","TrainStrong_TestStrong",1,0.918,0.1396
"Pop25","Train0.25_Test0.5","Equal","TrainStrong_TestStrong",2,0.9284,0.1208
"Pop25","Train0.25_Test0.5","Equal","TrainStrong_TestStrong",3,0.9226,0.1248
"Pop25","Train0.25_Test0.5","Equal","TrainStrong_TestStrong",4,0.912,0.1492
"Pop25","Train0.25_Test0.5","Equal","TrainStrong_TestStrong",5,0.92,0.1308
"Pop25","Train0.25_Test0.5","Train>Test","TrainStrong_TestStrong",1,0.922,0.128
"Pop25","Train0.25_Test0.5","Train>Test","TrainStrong_TestStrong",2,0.927,0.122
"Pop25","Train0.25_Test0.5","Train>Test","TrainStrong_TestStrong",3,0.927,0.108
"Pop25","Train0.25_Test0.5","Train>Test","TrainStrong_TestStrong",4,0.924,0.12
"Pop25","Train0.25_Test0.5","Train>Test","TrainStrong_TestStrong",5,0.911,0.148
"Pop25","Train0.25_Test0.5","Train<Test","TrainStrong_TestStrong",1,0.9272,0.11
"Pop25","Train0.25_Test0.5","Train<Test","TrainStrong_TestStrong",2,0.9268,0.1076
"Pop25","Train0.25_Test0.5","Train<Test","TrainStrong_TestStrong",3,0.929,0.1132
"Pop25","Train0.25_Test0.5","Train<Test","TrainStrong_TestStrong",4,0.9244,0.1132
"Pop25","Train0.25_Test0.5","Train<Test","TrainStrong_TestStrong",5,0.9254,0.1164
"Pop25","Train0.25_Test0.5","Equal","TrainStrong_TestWeak",1,0.794,0.2564
"Pop25","Train0.25_Test0.5","Equal","TrainStrong_TestWeak",2,0.8028,0.2388
"Pop25","Train0.25_Test0.5","Equal","TrainStrong_TestWeak",3,0.802,0.2532
"Pop25","Train0.25_Test0.5","Equal","TrainStrong_TestWeak",4,0.8048,0.246
"Pop25","Train0.25_Test0.5","Equal","TrainStrong_TestWeak",5,0.8038,0.2416
"Pop25","Train0.25_Test0.5","Train>Test","TrainStrong_TestWeak",1,0.808,0.25
"Pop25","Train0.25_Test0.5","Train>Test","TrainStrong_TestWeak",2,0.791,0.244
"Pop25","Train0.25_Test0.5","Train>Test","TrainStrong_TestWeak",3,0.807,0.236
"Pop25","Train0.25_Test0.5","Train>Test","TrainStrong_TestWeak",4,0.806,0.242
"Pop25","Train0.25_Test0.5","Train>Test","TrainStrong_TestWeak",5,0.798,0.266
"Pop25","Train0.25_Test0.5","Train<Test","TrainStrong_TestWeak",1,0.8014,0.2444
"Pop25","Train0.25_Test0.5","Train<Test","TrainStrong_TestWeak",2,0.8036,0.222
"Pop25","Train0.25_Test0.5","Train<Test","TrainStrong_TestWeak",3,0.8012,0.2496
"Pop25","Train0.25_Test0.5","Train<Test","TrainStrong_TestWeak",4,0.8004,0.232
"Pop25","Train0.25_Test0.5","Train<Test","TrainStrong_TestWeak",5,0.8044,0.2452
"Pop25","Train0.25_Test0.5","Equal","TrainWeak_TestStrong",1,0.847,0.3056
"Pop25","Train0.25_Test0.5","Equal","TrainWeak_TestStrong",2,0.8388,0.3216
"Pop25","Train0.25_Test0.5","Equal","TrainWeak_TestStrong",3,0.8322,0.3352
"Pop25","Train0.25_Test0.5","Equal","TrainWeak_TestStrong",4,0.8372,0.324
"Pop25","Train0.25_Test0.5","Equal","TrainWeak_TestStrong",5,0.8408,0.3168
"Pop25","Train0.25_Test0.5","Train>Test","TrainWeak_TestStrong",1,0.851,0.294
"Pop25","Train0.25_Test0.5","Train>Test","TrainWeak_TestStrong",2,0.821,0.356
"Pop25","Train0.25_Test0.5","Train>Test","TrainWeak_TestStrong",3,0.853,0.288
"Pop25","Train0.25_Test0.5","Train>Test","TrainWeak_TestStrong",4,0.838,0.324
"Pop25","Train0.25_Test0.5","Train>Test","TrainWeak_TestStrong",5,0.834,0.332
"Pop25","Train0.25_Test0.5","Train<Test","TrainWeak_TestStrong",1,0.8462,0.3048
"Pop25","Train0.25_Test0.5","Train<Test","TrainWeak_TestStrong",2,0.8466,0.3044
"Pop25","Train0.25_Test0.5","Train<Test","TrainWeak_TestStrong",3,0.836,0.3268
"Pop25","Train0.25_Test0.5","Train<Test","TrainWeak_TestStrong",4,0.827,0.3452
"Pop25","Train0.25_Test0.5","Train<Test","TrainWeak_TestStrong",5,0.8386,0.322
"Pop25","Train0.25_Test0.5","Equal","TrainWeak_TestWeak",1,0.7624,0.392
"Pop25","Train0.25_Test0.5","Equal","TrainWeak_TestWeak",2,0.76,0.4
"Pop25","Train0.25_Test0.5","Equal","TrainWeak_TestWeak",3,0.7662,0.4016
"Pop25","Train0.25_Test0.5","Equal","TrainWeak_TestWeak",4,0.7656,0.3932
"Pop25","Train0.25_Test0.5","Equal","TrainWeak_TestWeak",5,0.7718,0.3872
"Pop25","Train0.25_Test0.5","Train>Test","TrainWeak_TestWeak",1,0.767,0.39
"Pop25","Train0.25_Test0.5","Train>Test","TrainWeak_TestWeak",2,0.764,0.392
"Pop25","Train0.25_Test0.5","Train>Test","TrainWeak_TestWeak",3,0.763,0.402
"Pop25","Train0.25_Test0.5","Train>Test","TrainWeak_TestWeak",4,0.772,0.386
"Pop25","Train0.25_Test0.5","Train>Test","TrainWeak_TestWeak",5,0.775,0.39
"Pop25","Train0.25_Test0.5","Train<Test","TrainWeak_TestWeak",1,0.7706,0.3868
"Pop25","Train0.25_Test0.5","Train<Test","TrainWeak_TestWeak",2,0.7674,0.3876
"Pop25","Train0.25_Test0.5","Train<Test","TrainWeak_TestWeak",3,0.7594,0.4124
"Pop25","Train0.25_Test0.5","Train<Test","TrainWeak_TestWeak",4,0.7554,0.4228
"Pop25","Train0.25_Test0.5","Train<Test","TrainWeak_TestWeak",5,0.768,0.3952
"Pop25","Train0.25_Test0.25","Equal","TrainStrong_TestStrong",1,0.9454,0.1448
"Pop25","Train0.25_Test0.25","Equal","TrainStrong_TestStrong",2,0.9546,0.1176
"Pop25","Train0.25_Test0.25","Equal","TrainStrong_TestStrong",3,0.9492,0.1168
"Pop25","Train0.25_Test0.25","Equal","TrainStrong_TestStrong",4,0.9452,0.144
"Pop25","Train0.25_Test0.25","Equal","TrainStrong_TestStrong",5,0.9462,0.132
"Pop25","Train0.25_Test0.25","Train>Test","TrainStrong_TestStrong",1,0.951,0.108
"Pop25","Train0.25_Test0.25","Train>Test","TrainStrong_TestStrong",2,0.949,0.108
"Pop25","Train0.25_Test0.25","Train>Test","TrainStrong_TestStrong",3,0.949,0.112
"Pop25","Train0.25_Test0.25","Train>Test","TrainStrong_TestStrong",4,0.95,0.104
"Pop25","Train0.25_Test0.25","Train>Test","TrainStrong_TestStrong",5,0.94,0.148
"Pop25","Train0.25_Test0.25","Train<Test","TrainStrong_TestStrong",1,0.9446,0.1128
"Pop25","Train0.25_Test0.25","Train<Test","TrainStrong_TestStrong",2,0.946,0.1072
"Pop25","Train0.25_Test0.25","Train<Test","TrainStrong_TestStrong",3,0.949,0.1184
"Pop25","Train0.25_Test0.25","Train<Test","TrainStrong_TestStrong",4,0.944,0.1176
"Pop25","Train0.25_Test0.25","Train<Test","TrainStrong_TestStrong",5,0.9494,0.1088
"Pop25","Train0.25_Test0.25","Equal","TrainStrong_TestWeak",1,0.8192,0.2584
"Pop25","Train0.25_Test0.25","Equal","TrainStrong_TestWeak",2,0.8236,0.2544
"Pop25","Train0.25_Test0.25","Equal","TrainStrong_TestWeak",3,0.8304,0.2416
"Pop25","Train0.25_Test0.25","Equal","TrainStrong_TestWeak",4,0.823,0.2624
"Pop25","Train0.25_Test0.25","Equal","TrainStrong_TestWeak",5,0.829,0.2336
"Pop25","Train0.25_Test0.25","Train>Test","TrainStrong_TestWeak",1,0.835,0.26
"Pop25","Train0.25_Test0.25","Train>Test","TrainStrong_TestWeak",2,0.825,0.22
"Pop25","Train0.25_Test0.25","Train>Test","TrainStrong_TestWeak",3,0.839,0.232
"Pop25","Train0.25_Test0.25","Train>Test","TrainStrong_TestWeak",4,0.83,0.248
"Pop25","Train0.25_Test0.25","Train>Test","TrainStrong_TestWeak",5,0.829,0.28
"Pop25","Train0.25_Test0.25","Train<Test","TrainStrong_TestWeak",1,0.8254,0.252
"Pop25","Train0.25_Test0.25","Train<Test","TrainStrong_TestWeak",2,0.817,0.2208
"Pop25","Train0.25_Test0.25","Train<Test","TrainStrong_TestWeak",3,0.8252,0.2408
"Pop25","Train0.25_Test0.25","Train<Test","TrainStrong_TestWeak",4,0.8192,0.2232
"Pop25","Train0.25_Test0.25","Train<Test","TrainStrong_TestWeak",5,0.8292,0.2352
"Pop25","Train0.25_Test0.25","Equal","TrainWeak_TestStrong",1,0.9224,0.3072
"Pop25","Train0.25_Test0.25","Equal","TrainWeak_TestStrong",2,0.9176,0.3272
"Pop25","Train0.25_Test0.25","Equal","TrainWeak_TestStrong",3,0.9138,0.3408
"Pop25","Train0.25_Test0.25","Equal","TrainWeak_TestStrong",4,0.92,0.3168
"Pop25","Train0.25_Test0.25","Equal","TrainWeak_TestStrong",5,0.9224,0.3064
"Pop25","Train0.25_Test0.25","Train>Test","TrainWeak_TestStrong",1,0.935,0.252
"Pop25","Train0.25_Test0.25","Train>Test","TrainWeak_TestStrong",2,0.909,0.356
"Pop25","Train0.25_Test0.25","Train>Test","TrainWeak_TestStrong",3,0.918,0.316
"Pop25","Train0.25_Test0.25","Train>Test","TrainWeak_TestStrong",4,0.918,0.324
"Pop25","Train0.25_Test0.25","Train>Test","TrainWeak_TestStrong",5,0.913,0.348
"Pop25","Train0.25_Test0.25","Train<Test","TrainWeak_TestStrong",1,0.9218,0.304
"Pop25","Train0.25_Test0.25","Train<Test","TrainWeak_TestStrong",2,0.9204,0.3136
"Pop25","Train0.25_Test0.25","Train<Test","TrainWeak_TestStrong",3,0.9172,0.328
"Pop25","Train0.25_Test0.25","Train<Test","TrainWeak_TestStrong",4,0.91,0.3576
"Pop25","Train0.25_Test0.25","Train<Test","TrainWeak_TestStrong",5,0.918,0.3224
"Pop25","Train0.25_Test0.25","Equal","TrainWeak_TestWeak",1,0.8396,0.3944
"Pop25","Train0.25_Test0.25","Equal","TrainWeak_TestWeak",2,0.8402,0.4104
"Pop25","Train0.25_Test0.25","Equal","TrainWeak_TestWeak",3,0.8492,0.3912
"Pop25","Train0.25_Test0.25","Equal","TrainWeak_TestWeak",4,0.8404,0.4048
"Pop25","Train0.25_Test0.25","Equal","TrainWeak_TestWeak",5,0.8542,0.376
"Pop25","Train0.25_Test0.25","Train>Test","TrainWeak_TestWeak",1,0.856,0.368
"Pop25","Train0.25_Test0.25","Train>Test","TrainWeak_TestWeak",2,0.853,0.384
"Pop25","Train0.25_Test0.25","Train>Test","TrainWeak_TestWeak",3,0.848,0.404
"Pop25","Train0.25_Test0.25","Train>Test","TrainWeak_TestWeak",4,0.851,0.388
"Pop25","Train0.25_Test0.25","Train>Test","TrainWeak_TestWeak",5,0.852,0.412
"Pop25","Train0.25_Test0.25","Train<Test","TrainWeak_TestWeak",1,0.851,0.3848
"Pop25","Train0.25_Test0.25","Train<Test","TrainWeak_TestWeak",2,0.8424,0.3888
"Pop25","Train0.25_Test0.25","Train<Test","TrainWeak_TestWeak",3,0.841,0.412
"Pop25","Train0.25_Test0.25","Train<Test","TrainWeak_TestWeak",4,0.8458,0.4224
"Pop25","Train0.25_Test0.25","Train<Test","TrainWeak_TestWeak",5,0.8476,0.392
"Pop50","Train0.5_Test0.75","Equal","TrainStrong_TestStrong",1,0.9304,0.0741333333333333
"Pop50","Train0.5_Test0.75","Equal","TrainStrong_TestStrong",2,0.94,0.0610666666666667
"Pop50","Train0.5_Test0.75","Equal","TrainStrong_TestStrong",3,0.9382,0.0613333333333333
"Pop50","Train0.5_Test0.75","Equal","TrainStrong_TestStrong",4,0.925,0.0762666666666667
"Pop50","Train0.5_Test0.75","Equal","TrainStrong_TestStrong",5,0.9276,0.0725333333333333
"Pop50","Train0.5_Test0.75","Train>Test","TrainStrong_TestStrong",1,0.927,0.0746666666666667
"Pop50","Train0.5_Test0.75","Train>Test","TrainStrong_TestStrong",2,0.941,0.0573333333333333
"Pop50","Train0.5_Test0.75","Train>Test","TrainStrong_TestStrong",3,0.943,0.0573333333333333
"Pop50","Train0.5_Test0.75","Train>Test","TrainStrong_TestStrong",4,0.944,0.0533333333333333
"Pop50","Train0.5_Test0.75","Train>Test","TrainStrong_TestStrong",5,0.934,0.072
"Pop50","Train0.5_Test0.75","Train<Test","TrainStrong_TestStrong",1,0.9376,0.0624
"Pop50","Train0.5_Test0.75","Train<Test","TrainStrong_TestStrong",2,0.935,0.0616
"Pop50","Train0.5_Test0.75","Train<Test","TrainStrong_TestStrong",3,0.9448,0.0530666666666667
"Pop50","Train0.5_Test0.75","Train<Test","TrainStrong_TestStrong",4,0.9368,0.0608
"Pop50","Train0.5_Test0.75","Train<Test","TrainStrong_TestStrong",5,0.9424,0.0541333333333333
"Pop50","Train0.5_Test0.75","Equal","TrainStrong_TestWeak",1,0.8028,0.194133333333333
"Pop50","Train0.5_Test0.75","Equal","TrainStrong_TestWeak",2,0.8158,0.1784
"Pop50","Train0.5_Test0.75","Equal","TrainStrong_TestWeak",3,0.8102,0.189066666666667
"Pop50","Train0.5_Test0.75","Equal","TrainStrong_TestWeak",4,0.8036,0.191733333333333
"Pop50","Train0.5_Test0.75","Equal","TrainStrong_TestWeak",5,0.8034,0.1976
"Pop50","Train0.5_Test0.75","Train>Test","TrainStrong_TestWeak",1,0.798,0.197333333333333
"Pop50","Train0.5_Test0.75","Train>Test","TrainStrong_TestWeak",2,0.802,0.185333333333333
"Pop50","Train0.5_Test0.75","Train>Test","TrainStrong_TestWeak",3,0.821,0.176
"Pop50","Train0.5_Test0.75","Train>Test","TrainStrong_TestWeak",4,0.809,0.193333333333333
"Pop50","Train0.5_Test0.75","Train>Test","TrainStrong_TestWeak",5,0.806,0.196
"Pop50","Train0.5_Test0.75","Train<Test","TrainStrong_TestWeak",1,0.8002,0.201066666666667
"Pop50","Train0.5_Test0.75","Train<Test","TrainStrong_TestWeak",2,0.807,0.1864
"Pop50","Train0.5_Test0.75","Train<Test","TrainStrong_TestWeak",3,0.8132,0.184266666666667
"Pop50","Train0.5_Test0.75","Train<Test","TrainStrong_TestWeak",4,0.8124,0.1856
"Pop50","Train0.5_Test0.75","Train<Test","TrainStrong_TestWeak",5,0.8124,0.184533333333333
"Pop50","Train0.5_Test0.75","Equal","TrainWeak_TestStrong",1,0.9372,0.0613333333333333
"Pop50","Train0.5_Test0.75","Equal","TrainWeak_TestStrong",2,0.9344,0.0696
"Pop50","Train0.5_Test0.75","Equal","TrainWeak_TestStrong",3,0.94,0.0586666666666667
"Pop50","Train0.5_Test0.75","Equal","TrainWeak_TestStrong",4,0.9252,0.0757333333333333
"Pop50","Train0.5_Test0.75","Equal","TrainWeak_TestStrong",5,0.9282,0.0717333333333333
"Pop50","Train0.5_Test0.75","Train>Test","TrainWeak_TestStrong",1,0.94,0.056
"Pop50","Train0.5_Test0.75","Train>Test","TrainWeak_TestStrong",2,0.936,0.068
"Pop50","Train0.5_Test0.75","Train>Test","TrainWeak_TestStrong",3,0.943,0.056
"Pop50","Train0.5_Test0.75","Train>Test","TrainWeak_TestStrong",4,0.938,0.0626666666666667
"Pop50","Train0.5_Test0.75","Train>Test","TrainWeak_TestStrong",5,0.934,0.0733333333333333
"Pop50","Train0.5_Test0.75","Train<Test","TrainWeak_TestStrong",1,0.9404,0.0538666666666667
"Pop50","Train0.5_Test0.75","Train<Test","TrainWeak_TestStrong",2,0.9292,0.0741333333333333
"Pop50","Train0.5_Test0.75","Train<Test","TrainWeak_TestStrong",3,0.9426,0.0568
"Pop50","Train0.5_Test0.75","Train<Test","TrainWeak_TestStrong",4,0.931,0.0714666666666667
"Pop50","Train0.5_Test0.75","Train<Test","TrainWeak_TestStrong",5,0.9372,0.0626666666666667
"Pop50","Train0.5_Test0.75","Equal","TrainWeak_TestWeak",1,0.808,0.182666666666667
"Pop50","Train0.5_Test0.75","Equal","TrainWeak_TestWeak",2,0.8124,0.184
"Pop50","Train0.5_Test0.75","Equal","TrainWeak_TestWeak",3,0.811,0.187733333333333
"Pop50","Train0.5_Test0.75","Equal","TrainWeak_TestWeak",4,0.8042,0.190933333333333
"Pop50","Train0.5_Test0.75","Equal","TrainWeak_TestWeak",5,0.8032,0.197333333333333
"Pop50","Train0.5_Test0.75","Train>Test","TrainWeak_TestWeak",1,0.808,0.18
"Pop50","Train0.5_Test0.75","Train>Test","TrainWeak_TestWeak",2,0.795,0.2
"Pop50","Train0.5_Test0.75","Train>Test","TrainWeak_TestWeak",3,0.82,0.174666666666667
"Pop50","Train0.5_Test0.75","Train>Test","TrainWeak_TestWeak",4,0.81,0.194666666666667
"Pop50","Train0.5_Test0.75","Train>Test","TrainWeak_TestWeak",5,0.807,0.196
"Pop50","Train0.5_Test0.75","Train<Test","TrainWeak_TestWeak",1,0.8032,0.193866666666667
"Pop50","Train0.5_Test0.75","Train<Test","TrainWeak_TestWeak",2,0.8018,0.1984
"Pop50","Train0.5_Test0.75","Train<Test","TrainWeak_TestWeak",3,0.811,0.188
"Pop50","Train0.5_Test0.75","Train<Test","TrainWeak_TestWeak",4,0.8084,0.194933333333333
"Pop50","Train0.5_Test0.75","Train<Test","TrainWeak_TestWeak",5,0.8108,0.1888
"Pop50","Train0.5_Test0.5","Equal","TrainStrong_TestStrong",1,0.9326,0.0736
"Pop50","Train0.5_Test0.5","Equal","TrainStrong_TestStrong",2,0.9442,0.0536
"Pop50","Train0.5_Test0.5","Equal","TrainStrong_TestStrong",3,0.935,0.0624
"Pop50","Train0.5_Test0.5","Equal","TrainStrong_TestStrong",4,0.928,0.0788
"Pop50","Train0.5_Test0.5","Equal","TrainStrong_TestStrong",5,0.9286,0.0732
"Pop50","Train0.5_Test0.5","Train>Test","TrainStrong_TestStrong",1,0.935,0.066
"Pop50","Train0.5_Test0.5","Train>Test","TrainStrong_TestStrong",2,0.938,0.064
"Pop50","Train0.5_Test0.5","Train>Test","TrainStrong_TestStrong",3,0.939,0.05
"Pop50","Train0.5_Test0.5","Train>Test","TrainStrong_TestStrong",4,0.939,0.056
"Pop50","Train0.5_Test0.5","Train>Test","TrainStrong_TestStrong",5,0.932,0.076
"Pop50","Train0.5_Test0.5","Train<Test","TrainStrong_TestStrong",1,0.9316,0.066
"Pop50","Train0.5_Test0.5","Train<Test","TrainStrong_TestStrong",2,0.9332,0.0656
"Pop50","Train0.5_Test0.5","Train<Test","TrainStrong_TestStrong",3,0.942,0.052
"Pop50","Train0.5_Test0.5","Train<Test","TrainStrong_TestStrong",4,0.9316,0.0636
"Pop50","Train0.5_Test0.5","Train<Test","TrainStrong_TestStrong",5,0.9362,0.054
"Pop50","Train0.5_Test0.5","Equal","TrainStrong_TestWeak",1,0.7998,0.202
"Pop50","Train0.5_Test0.5","Equal","TrainStrong_TestWeak",2,0.8138,0.1756
"Pop50","Train0.5_Test0.5","Equal","TrainStrong_TestWeak",3,0.8094,0.1972
"Pop50","Train0.5_Test0.5","Equal","TrainStrong_TestWeak",4,0.8054,0.19
"Pop50","Train0.5_Test0.5","Equal","TrainStrong_TestWeak",5,0.8074,0.1928
"Pop50","Train0.5_Test0.5","Train>Test","TrainStrong_TestWeak",1,0.802,0.208
"Pop50","Train0.5_Test0.5","Train>Test","TrainStrong_TestWeak",2,0.797,0.18
"Pop50","Train0.5_Test0.5","Train>Test","TrainStrong_TestWeak",3,0.811,0.18
"Pop50","Train0.5_Test0.5","Train>Test","TrainStrong_TestWeak",4,0.805,0.2
"Pop50","Train0.5_Test0.5","Train>Test","TrainStrong_TestWeak",5,0.798,0.208
"Pop50","Train0.5_Test0.5","Train<Test","TrainStrong_TestWeak",1,0.8024,0.1984
"Pop50","Train0.5_Test0.5","Train<Test","TrainStrong_TestWeak",2,0.8024,0.1848
"Pop50","Train0.5_Test0.5","Train<Test","TrainStrong_TestWeak",3,0.808,0.1972
"Pop50","Train0.5_Test0.5","Train<Test","TrainStrong_TestWeak",4,0.8024,0.1864
"Pop50","Train0.5_Test0.5","Train<Test","TrainStrong_TestWeak",5,0.8082,0.1928
"Pop50","Train0.5_Test0.5","Equal","TrainWeak_TestStrong",1,0.9336,0.0592
"Pop50","Train0.5_Test0.5","Equal","TrainWeak_TestStrong",2,0.9416,0.0624
"Pop50","Train0.5_Test0.5","Equal","TrainWeak_TestStrong",3,0.9358,0.0596
"Pop50","Train0.5_Test0.5","Equal","TrainWeak_TestStrong",4,0.9278,0.0784
"Pop50","Train0.5_Test0.5","Equal","TrainWeak_TestStrong",5,0.9284,0.0728
"Pop50","Train0.5_Test0.5","Train>Test","TrainWeak_TestStrong",1,0.937,0.046
"Pop50","Train0.5_Test0.5","Train>Test","TrainWeak_TestStrong",2,0.941,0.072
"Pop50","Train0.5_Test0.5","Train>Test","TrainWeak_TestStrong",3,0.939,0.048
"Pop50","Train0.5_Test0.5","Train>Test","TrainWeak_TestStrong",4,0.935,0.066
"Pop50","Train0.5_Test0.5","Train>Test","TrainWeak_TestStrong",5,0.933,0.076
"Pop50","Train0.5_Test0.5","Train<Test","TrainWeak_TestStrong",1,0.9284,0.0584
"Pop50","Train0.5_Test0.5","Train<Test","TrainWeak_TestStrong",2,0.9328,0.0756
"Pop50","Train0.5_Test0.5","Train<Test","TrainWeak_TestStrong",3,0.9414,0.056
"Pop50","Train0.5_Test0.5","Train<Test","TrainWeak_TestStrong",4,0.9306,0.0752
"Pop50","Train0.5_Test0.5","Train<Test","TrainWeak_TestStrong",5,0.934,0.0628
"Pop50","Train0.5_Test0.5","Equal","TrainWeak_TestWeak",1,0.7992,0.1896
"Pop50","Train0.5_Test0.5","Equal","TrainWeak_TestWeak",2,0.8124,0.182
"Pop50","Train0.5_Test0.5","Equal","TrainWeak_TestWeak",3,0.8094,0.196
"Pop50","Train0.5_Test0.5","Equal","TrainWeak_TestWeak",4,0.8056,0.1892
"Pop50","Train0.5_Test0.5","Equal","TrainWeak_TestWeak",5,0.807,0.1924
"Pop50","Train0.5_Test0.5","Train>Test","TrainWeak_TestWeak",1,0.806,0.188
"Pop50","Train0.5_Test0.5","Train>Test","TrainWeak_TestWeak",2,0.798,0.198
"Pop50","Train0.5_Test0.5","Train>Test","TrainWeak_TestWeak",3,0.81,0.178
"Pop50","Train0.5_Test0.5","Train>Test","TrainWeak_TestWeak",4,0.81,0.2
"Pop50","Train0.5_Test0.5","Train>Test","TrainWeak_TestWeak",5,0.799,0.208
"Pop50","Train0.5_Test0.5","Train<Test","TrainWeak_TestWeak",1,0.8012,0.1924
"Pop50","Train0.5_Test0.5","Train<Test","TrainWeak_TestWeak",2,0.8036,0.1972
"Pop50","Train0.5_Test0.5","Train<Test","TrainWeak_TestWeak",3,0.8068,0.2016
"Pop50","Train0.5_Test0.5","Train<Test","TrainWeak_TestWeak",4,0.8018,0.1956
"Pop50","Train0.5_Test0.5","Train<Test","TrainWeak_TestWeak",5,0.8104,0.1964
"Pop50","Train0.5_Test0.25","Equal","TrainStrong_TestStrong",1,0.9374,0.076
"Pop50","Train0.5_Test0.25","Equal","TrainStrong_TestStrong",2,0.9442,0.0528
"Pop50","Train0.5_Test0.25","Equal","TrainStrong_TestStrong",3,0.9354,0.0616
"Pop50","Train0.5_Test0.25","Equal","TrainStrong_TestStrong",4,0.9342,0.0776
"Pop50","Train0.5_Test0.25","Equal","TrainStrong_TestStrong",5,0.934,0.0696
"Pop50","Train0.5_Test0.25","Train>Test","TrainStrong_TestStrong",1,0.938,0.048
"Pop50","Train0.5_Test0.25","Train>Test","TrainStrong_TestStrong",2,0.932,0.06
"Pop50","Train0.5_Test0.25","Train>Test","TrainStrong_TestStrong",3,0.945,0.04
"Pop50","Train0.5_Test0.25","Train>Test","TrainStrong_TestStrong",4,0.938,0.06
"Pop50","Train0.5_Test0.25","Train>Test","TrainStrong_TestStrong",5,0.93,0.084
"Pop50","Train0.5_Test0.25","Train<Test","TrainStrong_TestStrong",1,0.93,0.0704
"Pop50","Train0.5_Test0.25","Train<Test","TrainStrong_TestStrong",2,0.933,0.0656
"Pop50","Train0.5_Test0.25","Train<Test","TrainStrong_TestStrong",3,0.9372,0.0624
"Pop50","Train0.5_Test0.25","Train<Test","TrainStrong_TestStrong",4,0.931,0.0664
"Pop50","Train0.5_Test0.25","Train<Test","TrainStrong_TestStrong",5,0.9334,0.0536
"Pop50","Train0.5_Test0.25","Equal","TrainStrong_TestWeak",1,0.8004,0.204
"Pop50","Train0.5_Test0.25","Equal","TrainStrong_TestWeak",2,0.8092,0.1848
"Pop50","Train0.5_Test0.25","Equal","TrainStrong_TestWeak",3,0.8098,0.1872
"Pop50","Train0.5_Test0.25","Equal","TrainStrong_TestWeak",4,0.797,0.204
"Pop50","Train0.5_Test0.25","Equal","TrainStrong_TestWeak",5,0.8096,0.1856
"Pop50","Train0.5_Test0.25","Train>Test","TrainStrong_TestWeak",1,0.8,0.224
"Pop50","Train0.5_Test0.25","Train>Test","TrainStrong_TestWeak",2,0.805,0.156
"Pop50","Train0.5_Test0.25","Train>Test","TrainStrong_TestWeak",3,0.823,0.18
"Pop50","Train0.5_Test0.25","Train>Test","TrainStrong_TestWeak",4,0.804,0.208
"Pop50","Train0.5_Test0.25","Train>Test","TrainStrong_TestWeak",5,0.81,0.204
"Pop50","Train0.5_Test0.25","Train<Test","TrainStrong_TestWeak",1,0.8052,0.2048
"Pop50","Train0.5_Test0.25","Train<Test","TrainStrong_TestWeak",2,0.7982,0.1784
"Pop50","Train0.5_Test0.25","Train<Test","TrainStrong_TestWeak",3,0.806,0.1936
"Pop50","Train0.5_Test0.25","Train<Test","TrainStrong_TestWeak",4,0.798,0.1832
"Pop50","Train0.5_Test0.25","Train<Test","TrainStrong_TestWeak",5,0.8064,0.1864
"Pop50","Train0.5_Test0.25","Equal","TrainWeak_TestStrong",1,0.9324,0.06
"Pop50","Train0.5_Test0.25","Equal","TrainWeak_TestStrong",2,0.9462,0.0592
"Pop50","Train0.5_Test0.25","Equal","TrainWeak_TestStrong",3,0.9354,0.0584
"Pop50","Train0.5_Test0.25","Equal","TrainWeak_TestStrong",4,0.9338,0.0776
"Pop50","Train0.5_Test0.25","Equal","TrainWeak_TestStrong",5,0.9336,0.0688
"Pop50","Train0.5_Test0.25","Train>Test","TrainWeak_TestStrong",1,0.932,0.036
"Pop50","Train0.5_Test0.25","Train>Test","TrainWeak_TestStrong",2,0.941,0.068
"Pop50","Train0.5_Test0.25","Train>Test","TrainWeak_TestStrong",3,0.943,0.04
"Pop50","Train0.5_Test0.25","Train>Test","TrainWeak_TestStrong",4,0.938,0.072
"Pop50","Train0.5_Test0.25","Train>Test","TrainWeak_TestStrong",5,0.931,0.084
"Pop50","Train0.5_Test0.25","Train<Test","TrainWeak_TestStrong",1,0.9212,0.0648
"Pop50","Train0.5_Test0.25","Train<Test","TrainWeak_TestStrong",2,0.9372,0.0776
"Pop50","Train0.5_Test0.25","Train<Test","TrainWeak_TestStrong",3,0.9382,0.0664
"Pop50","Train0.5_Test0.25","Train<Test","TrainWeak_TestStrong",4,0.935,0.08
"Pop50","Train0.5_Test0.25","Train<Test","TrainWeak_TestStrong",5,0.9362,0.0592
"Pop50","Train0.5_Test0.25","Equal","TrainWeak_TestWeak",1,0.7944,0.1896
"Pop50","Train0.5_Test0.25","Equal","TrainWeak_TestWeak",2,0.812,0.1896
"Pop50","Train0.5_Test0.25","Equal","TrainWeak_TestWeak",3,0.8088,0.1864
"Pop50","Train0.5_Test0.25","Equal","TrainWeak_TestWeak",4,0.7966,0.2032
"Pop50","Train0.5_Test0.25","Equal","TrainWeak_TestWeak",5,0.8086,0.1856
"Pop50","Train0.5_Test0.25","Train>Test","TrainWeak_TestWeak",1,0.796,0.208
"Pop50","Train0.5_Test0.25","Train>Test","TrainWeak_TestWeak",2,0.814,0.168
"Pop50","Train0.5_Test0.25","Train>Test","TrainWeak_TestWeak",3,0.821,0.18
"Pop50","Train0.5_Test0.25","Train>Test","TrainWeak_TestWeak",4,0.813,0.208
"Pop50","Train0.5_Test0.25","Train>Test","TrainWeak_TestWeak",5,0.811,0.204
"Pop50","Train0.5_Test0.25","Train<Test","TrainWeak_TestWeak",1,0.8004,0.2
"Pop50","Train0.5_Test0.25","Train<Test","TrainWeak_TestWeak",2,0.8066,0.1904
"Pop50","Train0.5_Test0.25","Train<Test","TrainWeak_TestWeak",3,0.8066,0.1992
"Pop50","Train0.5_Test0.25","Train<Test","TrainWeak_TestWeak",4,0.8038,0.1928
"Pop50","Train0.5_Test0.25","Train<Test","TrainWeak_TestWeak",5,0.812,0.188
"Pop75","Train0.75_Test0.75","Equal","TrainStrong_TestStrong",1,0.949,0.0325333333333333
"Pop75","Train0.75_Test0.75","Equal","TrainStrong_TestStrong",2,0.948,0.0261333333333333
"Pop75","Train0.75_Test0.75","Equal","TrainStrong_TestStrong",3,0.9506,0.0242666666666667
"Pop75","Train0.75_Test0.75","Equal","TrainStrong_TestStrong",4,0.936,0.0370666666666667
"Pop75","Train0.75_Test0.75","Equal","TrainStrong_TestStrong",5,0.9426,0.0298666666666667
"Pop75","Train0.75_Test0.75","Train>Test","TrainStrong_TestStrong",1,0.943,0.0293333333333333
"Pop75","Train0.75_Test0.75","Train>Test","TrainStrong_TestStrong",2,0.961,0.02
"Pop75","Train0.75_Test0.75","Train>Test","TrainStrong_TestStrong",3,0.954,0.024
"Pop75","Train0.75_Test0.75","Train>Test","TrainStrong_TestStrong",4,0.949,0.02
"Pop75","Train0.75_Test0.75","Train>Test","TrainStrong_TestStrong",5,0.949,0.0266666666666667
"Pop75","Train0.75_Test0.75","Train<Test","TrainStrong_TestStrong",1,0.9476,0.0245333333333333
"Pop75","Train0.75_Test0.75","Train<Test","TrainStrong_TestStrong",2,0.9458,0.0272
"Pop75","Train0.75_Test0.75","Train<Test","TrainStrong_TestStrong",3,0.9504,0.024
"Pop75","Train0.75_Test0.75","Train<Test","TrainStrong_TestStrong",4,0.944,0.0296
"Pop75","Train0.75_Test0.75","Train<Test","TrainStrong_TestStrong",5,0.9506,0.0224
"Pop75","Train0.75_Test0.75","Equal","TrainStrong_TestWeak",1,0.825,0.1472
"Pop75","Train0.75_Test0.75","Equal","TrainStrong_TestWeak",2,0.8342,0.1336
"Pop75","Train0.75_Test0.75","Equal","TrainStrong_TestWeak",3,0.8326,0.142133333333333
"Pop75","Train0.75_Test0.75","Equal","TrainStrong_TestWeak",4,0.8258,0.1456
"Pop75","Train0.75_Test0.75","Equal","TrainStrong_TestWeak",5,0.8248,0.150666666666667
"Pop75","Train0.75_Test0.75","Train>Test","TrainStrong_TestWeak",1,0.819,0.153333333333333
"Pop75","Train0.75_Test0.75","Train>Test","TrainStrong_TestWeak",2,0.81,0.161333333333333
"Pop75","Train0.75_Test0.75","Train>Test","TrainStrong_TestWeak",3,0.834,0.132
"Pop75","Train0.75_Test0.75","Train>Test","TrainStrong_TestWeak",4,0.828,0.142666666666667
"Pop75","Train0.75_Test0.75","Train>Test","TrainStrong_TestWeak",5,0.832,0.145333333333333
"Pop75","Train0.75_Test0.75","Train<Test","TrainStrong_TestWeak",1,0.8244,0.152
"Pop75","Train0.75_Test0.75","Train<Test","TrainStrong_TestWeak",2,0.8228,0.144266666666667
"Pop75","Train0.75_Test0.75","Train<Test","TrainStrong_TestWeak",3,0.8282,0.141333333333333
"Pop75","Train0.75_Test0.75","Train<Test","TrainStrong_TestWeak",4,0.832,0.141066666666667
"Pop75","Train0.75_Test0.75","Train<Test","TrainStrong_TestWeak",5,0.834,0.138666666666667
"Pop75","Train0.75_Test0.75","Equal","TrainWeak_TestStrong",1,0.9178,0.000533333333333333
"Pop75","Train0.75_Test0.75","Equal","TrainWeak_TestStrong",2,0.9154,0.00133333333333333
"Pop75","Train0.75_Test0.75","Equal","TrainWeak_TestStrong",3,0.9226,0.00106666666666667
"Pop75","Train0.75_Test0.75","Equal","TrainWeak_TestStrong",4,0.9134,0.00186666666666667
"Pop75","Train0.75_Test0.75","Equal","TrainWeak_TestStrong",5,0.9182,8e-04
"Pop75","Train0.75_Test0.75","Train>Test","TrainWeak_TestStrong",1,0.909,0
"Pop75","Train0.75_Test0.75","Train>Test","TrainWeak_TestStrong",2,0.928,0.00133333333333333
"Pop75","Train0.75_Test0.75","Train>Test","TrainWeak_TestStrong",3,0.919,0.00133333333333333
"Pop75","Train0.75_Test0.75","Train>Test","TrainWeak_TestStrong",4,0.924,0.00133333333333333
"Pop75","Train0.75_Test0.75","Train>Test","TrainWeak_TestStrong",5,0.929,0.00533333333333333
"Pop75","Train0.75_Test0.75","Train<Test","TrainWeak_TestStrong",1,0.9182,0.0016
"Pop75","Train0.75_Test0.75","Train<Test","TrainWeak_TestStrong",2,0.9192,0.0024
"Pop75","Train0.75_Test0.75","Train<Test","TrainWeak_TestStrong",3,0.9218,0.00106666666666667
"Pop75","Train0.75_Test0.75","Train<Test","TrainWeak_TestStrong",4,0.919,0.00213333333333333
"Pop75","Train0.75_Test0.75","Train<Test","TrainWeak_TestStrong",5,0.9206,0.00106666666666667
"Pop75","Train0.75_Test0.75","Equal","TrainWeak_TestWeak",1,0.8474,0.0672
"Pop75","Train0.75_Test0.75","Equal","TrainWeak_TestWeak",2,0.8446,0.0706666666666667
"Pop75","Train0.75_Test0.75","Equal","TrainWeak_TestWeak",3,0.852,0.0682666666666667
"Pop75","Train0.75_Test0.75","Equal","TrainWeak_TestWeak",4,0.8424,0.0696
"Pop75","Train0.75_Test0.75","Equal","TrainWeak_TestWeak",5,0.8462,0.0754666666666667
"Pop75","Train0.75_Test0.75","Train>Test","TrainWeak_TestWeak",1,0.839,0.072
"Pop75","Train0.75_Test0.75","Train>Test","TrainWeak_TestWeak",2,0.837,0.0853333333333333
"Pop75","Train0.75_Test0.75","Train>Test","TrainWeak_TestWeak",3,0.852,0.06
"Pop75","Train0.75_Test0.75","Train>Test","TrainWeak_TestWeak",4,0.843,0.0773333333333333
"Pop75","Train0.75_Test0.75","Train>Test","TrainWeak_TestWeak",5,0.86,0.072
"Pop75","Train0.75_Test0.75","Train<Test","TrainWeak_TestWeak",1,0.8424,0.0794666666666667
"Pop75","Train0.75_Test0.75","Train<Test","TrainWeak_TestWeak",2,0.8458,0.0717333333333333
"Pop75","Train0.75_Test0.75","Train<Test","TrainWeak_TestWeak",3,0.843,0.0717333333333333
"Pop75","Train0.75_Test0.75","Train<Test","TrainWeak_TestWeak",4,0.8426,0.0709333333333333
"Pop75","Train0.75_Test0.75","Train<Test","TrainWeak_TestWeak",5,0.8526,0.0661333333333333
"Pop75","Train0.75_Test0.5","Equal","TrainStrong_TestStrong",1,0.9286,0.03
"Pop75","Train0.75_Test0.5","Equal","TrainStrong_TestStrong",2,0.9276,0.0232
"Pop75","Train0.75_Test0.5","Equal","TrainStrong_TestStrong",3,0.9216,0.0236
"Pop75","Train0.75_Test0.5","Equal","TrainStrong_TestStrong",4,0.9138,0.038
"Pop75","Train0.75_Test0.5","Equal","TrainStrong_TestStrong",5,0.9132,0.0332
"Pop75","Train0.75_Test0.5","Train>Test","TrainStrong_TestStrong",1,0.917,0.024
"Pop75","Train0.75_Test0.5","Train>Test","TrainStrong_TestStrong",2,0.934,0.022
"Pop75","Train0.75_Test0.5","Train>Test","TrainStrong_TestStrong",3,0.927,0.018
"Pop75","Train0.75_Test0.5","Train>Test","TrainStrong_TestStrong",4,0.914,0.024
"Pop75","Train0.75_Test0.5","Train>Test","TrainStrong_TestStrong",5,0.924,0.03
"Pop75","Train0.75_Test0.5","Train<Test","TrainStrong_TestStrong",1,0.9144,0.0268
"Pop75","Train0.75_Test0.5","Train<Test","TrainStrong_TestStrong",2,0.9204,0.0288
"Pop75","Train0.75_Test0.5","Train<Test","TrainStrong_TestStrong",3,0.9256,0.0244
"Pop75","Train0.75_Test0.5","Train<Test","TrainStrong_TestStrong",4,0.9202,0.03
"Pop75","Train0.75_Test0.5","Train<Test","TrainStrong_TestStrong",5,0.9198,0.022
"Pop75","Train0.75_Test0.5","Equal","TrainStrong_TestWeak",1,0.7966,0.1524
"Pop75","Train0.75_Test0.5","Equal","TrainStrong_TestWeak",2,0.8032,0.1308
"Pop75","Train0.75_Test0.5","Equal","TrainStrong_TestWeak",3,0.8054,0.1488
"Pop75","Train0.75_Test0.5","Equal","TrainStrong_TestWeak",4,0.8022,0.1456
"Pop75","Train0.75_Test0.5","Equal","TrainStrong_TestWeak",5,0.8046,0.1432
"Pop75","Train0.75_Test0.5","Train>Test","TrainStrong_TestWeak",1,0.804,0.156
"Pop75","Train0.75_Test0.5","Train>Test","TrainStrong_TestWeak",2,0.785,0.15
"Pop75","Train0.75_Test0.5","Train>Test","TrainStrong_TestWeak",3,0.792,0.136
"Pop75","Train0.75_Test0.5","Train>Test","TrainStrong_TestWeak",4,0.796,0.15
"Pop75","Train0.75_Test0.5","Train>Test","TrainStrong_TestWeak",5,0.801,0.154
"Pop75","Train0.75_Test0.5","Train<Test","TrainStrong_TestWeak",1,0.7986,0.1508
"Pop75","Train0.75_Test0.5","Train<Test","TrainStrong_TestWeak",2,0.7936,0.1412
"Pop75","Train0.75_Test0.5","Train<Test","TrainStrong_TestWeak",3,0.7982,0.1532
"Pop75","Train0.75_Test0.5","Train<Test","TrainStrong_TestWeak",4,0.7962,0.1448
"Pop75","Train0.75_Test0.5","Train<Test","TrainStrong_TestWeak",5,0.8062,0.1448
"Pop75","Train0.75_Test0.5","Equal","TrainWeak_TestStrong",1,0.8366,4e-04
"Pop75","Train0.75_Test0.5","Equal","TrainWeak_TestStrong",2,0.8356,0.0012
"Pop75","Train0.75_Test0.5","Equal","TrainWeak_TestStrong",3,0.8394,0.0012
"Pop75","Train0.75_Test0.5","Equal","TrainWeak_TestStrong",4,0.834,0.0016
"Pop75","Train0.75_Test0.5","Equal","TrainWeak_TestStrong",5,0.828,8e-04
"Pop75","Train0.75_Test0.5","Train>Test","TrainWeak_TestStrong",1,0.829,0
"Pop75","Train0.75_Test0.5","Train>Test","TrainWeak_TestStrong",2,0.855,0
"Pop75","Train0.75_Test0.5","Train>Test","TrainWeak_TestStrong",3,0.839,0.002
"Pop75","Train0.75_Test0.5","Train>Test","TrainWeak_TestStrong",4,0.853,0.002
"Pop75","Train0.75_Test0.5","Train>Test","TrainWeak_TestStrong",5,0.847,0.006
"Pop75","Train0.75_Test0.5","Train<Test","TrainWeak_TestStrong",1,0.8282,0.0016
"Pop75","Train0.75_Test0.5","Train<Test","TrainWeak_TestStrong",2,0.841,0.0016
"Pop75","Train0.75_Test0.5","Train<Test","TrainWeak_TestStrong",3,0.8436,8e-04
"Pop75","Train0.75_Test0.5","Train<Test","TrainWeak_TestStrong",4,0.8358,0.002
"Pop75","Train0.75_Test0.5","Train<Test","TrainWeak_TestStrong",5,0.8362,0.0012
"Pop75","Train0.75_Test0.5","Equal","TrainWeak_TestWeak",1,0.761,0.0696
"Pop75","Train0.75_Test0.5","Equal","TrainWeak_TestWeak",2,0.7632,0.0696
"Pop75","Train0.75_Test0.5","Equal","TrainWeak_TestWeak",3,0.7746,0.072
"Pop75","Train0.75_Test0.5","Equal","TrainWeak_TestWeak",4,0.7622,0.0724
"Pop75","Train0.75_Test0.5","Equal","TrainWeak_TestWeak",5,0.7644,0.0704
"Pop75","Train0.75_Test0.5","Train>Test","TrainWeak_TestWeak",1,0.762,0.084
"Pop75","Train0.75_Test0.5","Train>Test","TrainWeak_TestWeak",2,0.763,0.068
"Pop75","Train0.75_Test0.5","Train>Test","TrainWeak_TestWeak",3,0.753,0.066
"Pop75","Train0.75_Test0.5","Train>Test","TrainWeak_TestWeak",4,0.756,0.082
"Pop75","Train0.75_Test0.5","Train>Test","TrainWeak_TestWeak",5,0.778,0.082
"Pop75","Train0.75_Test0.5","Train<Test","TrainWeak_TestWeak",1,0.7596,0.0808
"Pop75","Train0.75_Test0.5","Train<Test","TrainWeak_TestWeak",2,0.7634,0.0724
"Pop75","Train0.75_Test0.5","Train<Test","TrainWeak_TestWeak",3,0.7586,0.0776
"Pop75","Train0.75_Test0.5","Train<Test","TrainWeak_TestWeak",4,0.7534,0.0716
"Pop75","Train0.75_Test0.5","Train<Test","TrainWeak_TestWeak",5,0.7734,0.07
"Pop75","Train0.75_Test0.25","Equal","TrainStrong_TestStrong",1,0.9056,0.032
"Pop75","Train0.75_Test0.25","Equal","TrainStrong_TestStrong",2,0.9046,0.0216
"Pop75","Train0.75_Test0.25","Equal","TrainStrong_TestStrong",3,0.8948,0.0224
"Pop75","Train0.75_Test0.25","Equal","TrainStrong_TestStrong",4,0.895,0.0344
"Pop75","Train0.75_Test0.25","Equal","TrainStrong_TestStrong",5,0.892,0.0344
"Pop75","Train0.75_Test0.25","Train>Test","TrainStrong_TestStrong",1,0.89,0.024
"Pop75","Train0.75_Test0.25","Train>Test","TrainStrong_TestStrong",2,0.9,0.02
"Pop75","Train0.75_Test0.25","Train>Test","TrainStrong_TestStrong",3,0.9,0.016
"Pop75","Train0.75_Test0.25","Train>Test","TrainStrong_TestStrong",4,0.887,0.016
"Pop75","Train0.75_Test0.25","Train>Test","TrainStrong_TestStrong",5,0.902,0.024
"Pop75","Train0.75_Test0.25","Train<Test","TrainStrong_TestStrong",1,0.8868,0.0288
"Pop75","Train0.75_Test0.25","Train<Test","TrainStrong_TestStrong",2,0.8952,0.0304
"Pop75","Train0.75_Test0.25","Train<Test","TrainStrong_TestStrong",3,0.899,0.0272
"Pop75","Train0.75_Test0.25","Train<Test","TrainStrong_TestStrong",4,0.894,0.028
"Pop75","Train0.75_Test0.25","Train<Test","TrainStrong_TestStrong",5,0.8918,0.0192
"Pop75","Train0.75_Test0.25","Equal","TrainStrong_TestWeak",1,0.7716,0.1512
"Pop75","Train0.75_Test0.25","Equal","TrainStrong_TestWeak",2,0.7748,0.136
"Pop75","Train0.75_Test0.25","Equal","TrainStrong_TestWeak",3,0.7776,0.1472
"Pop75","Train0.75_Test0.25","Equal","TrainStrong_TestWeak",4,0.7698,0.1544
"Pop75","Train0.75_Test0.25","Equal","TrainStrong_TestWeak",5,0.7812,0.1344
"Pop75","Train0.75_Test0.25","Train>Test","TrainStrong_TestWeak",1,0.77,0.18
"Pop75","Train0.75_Test0.25","Train>Test","TrainStrong_TestWeak",2,0.77,0.128
"Pop75","Train0.75_Test0.25","Train>Test","TrainStrong_TestWeak",3,0.777,0.14
"Pop75","Train0.75_Test0.25","Train>Test","TrainStrong_TestWeak",4,0.77,0.152
"Pop75","Train0.75_Test0.25","Train>Test","TrainStrong_TestWeak",5,0.781,0.156
"Pop75","Train0.75_Test0.25","Train<Test","TrainStrong_TestWeak",1,0.7746,0.1568
"Pop75","Train0.75_Test0.25","Train<Test","TrainStrong_TestWeak",2,0.765,0.1368
"Pop75","Train0.75_Test0.25","Train<Test","TrainStrong_TestWeak",3,0.7754,0.1456
"Pop75","Train0.75_Test0.25","Train<Test","TrainStrong_TestWeak",4,0.77,0.136
"Pop75","Train0.75_Test0.25","Train<Test","TrainStrong_TestWeak",5,0.7764,0.1432
"Pop75","Train0.75_Test0.25","Equal","TrainWeak_TestStrong",1,0.75,8e-04
"Pop75","Train0.75_Test0.25","Equal","TrainWeak_TestStrong",2,0.7604,8e-04
"Pop75","Train0.75_Test0.25","Equal","TrainWeak_TestStrong",3,0.7588,8e-04
"Pop75","Train0.75_Test0.25","Equal","TrainWeak_TestStrong",4,0.7552,8e-04
"Pop75","Train0.75_Test0.25","Equal","TrainWeak_TestStrong",5,0.7496,8e-04
"Pop75","Train0.75_Test0.25","Train>Test","TrainWeak_TestStrong",1,0.748,0
"Pop75","Train0.75_Test0.25","Train>Test","TrainWeak_TestStrong",2,0.771,0
"Pop75","Train0.75_Test0.25","Train>Test","TrainWeak_TestStrong",3,0.761,0
"Pop75","Train0.75_Test0.25","Train>Test","TrainWeak_TestStrong",4,0.778,0
"Pop75","Train0.75_Test0.25","Train>Test","TrainWeak_TestStrong",5,0.77,0
"Pop75","Train0.75_Test0.25","Train<Test","TrainWeak_TestStrong",1,0.7438,0.0016
"Pop75","Train0.75_Test0.25","Train<Test","TrainWeak_TestStrong",2,0.7638,8e-04
"Pop75","Train0.75_Test0.25","Train<Test","TrainWeak_TestStrong",3,0.7586,0.0016
"Pop75","Train0.75_Test0.25","Train<Test","TrainWeak_TestStrong",4,0.756,0.0024
"Pop75","Train0.75_Test0.25","Train<Test","TrainWeak_TestStrong",5,0.7546,0.0016
"Pop75","Train0.75_Test0.25","Equal","TrainWeak_TestWeak",1,0.6702,0.072
"Pop75","Train0.75_Test0.25","Equal","TrainWeak_TestWeak",2,0.683,0.0704
"Pop75","Train0.75_Test0.25","Equal","TrainWeak_TestWeak",3,0.696,0.0664
"Pop75","Train0.75_Test0.25","Equal","TrainWeak_TestWeak",4,0.6768,0.0752
"Pop75","Train0.75_Test0.25","Equal","TrainWeak_TestWeak",5,0.6804,0.0608
"Pop75","Train0.75_Test0.25","Train>Test","TrainWeak_TestWeak",1,0.669,0.112
"Pop75","Train0.75_Test0.25","Train>Test","TrainWeak_TestWeak",2,0.691,0.056
"Pop75","Train0.75_Test0.25","Train>Test","TrainWeak_TestWeak",3,0.668,0.08
"Pop75","Train0.75_Test0.25","Train>Test","TrainWeak_TestWeak",4,0.679,0.084
"Pop75","Train0.75_Test0.25","Train>Test","TrainWeak_TestWeak",5,0.704,0.08
"Pop75","Train0.75_Test0.25","Train<Test","TrainWeak_TestWeak",1,0.6796,0.0968
"Pop75","Train0.75_Test0.25","Train<Test","TrainWeak_TestWeak",2,0.6862,0.0664
"Pop75","Train0.75_Test0.25","Train<Test","TrainWeak_TestWeak",3,0.6762,0.0712
"Pop75","Train0.75_Test0.25","Train<Test","TrainWeak_TestWeak",4,0.6686,0.0688
"Pop75","Train0.75_Test0.25","Train<Test","TrainWeak_TestWeak",5,0.6932,0.064
