"Population","Case","Size","Strength","Replicate","Accuracy","FNR"
"Pop25","Train0.25_Test0.75","Equal","TrainStrong_TestStrong",1,0.887,0.1448
"Pop25","Train0.25_Test0.75","Equal","TrainStrong_TestStrong",2,0.899,0.123733333333333
"Pop25","Train0.25_Test0.75","Equal","TrainStrong_TestStrong",3,0.9156,0.0968
"Pop25","Train0.25_Test0.75","Equal","TrainStrong_TestStrong",4,0.893,0.133333333333333
"Pop25","Train0.25_Test0.75","Equal","TrainStrong_TestStrong",5,0.8704,0.1664
"Pop25","Train0.25_Test0.75","Train>Test","TrainStrong_TestStrong",1,0.914,0.0973333333333333
"Pop25","Train0.25_Test0.75","Train>Test","TrainStrong_TestStrong",2,0.91,0.110666666666667
"Pop25","Train0.25_Test0.75","Train>Test","TrainStrong_TestStrong",3,0.878,0.152
"Pop25","Train0.25_Test0.75","Train>Test","TrainStrong_TestStrong",4,0.888,0.142666666666667
"Pop25","Train0.25_Test0.75","Train>Test","TrainStrong_TestStrong",5,0.906,0.106666666666667
"Pop25","Train0.25_Test0.75","Train<Test","TrainStrong_TestStrong",1,0.9118,0.106666666666667
"Pop25","Train0.25_Test0.75","Train<Test","TrainStrong_TestStrong",2,0.8912,0.139466666666667
"Pop25","Train0.25_Test0.75","Train<Test","TrainStrong_TestStrong",3,0.9118,0.104533333333333
"Pop25","Train0.25_Test0.75","Train<Test","TrainStrong_TestStrong",4,0.899,0.1272
"Pop25","Train0.25_Test0.75","Train<Test","TrainStrong_TestStrong",5,0.9092,0.1112
"Pop25","Train0.25_Test0.75","Equal","TrainStrong_TestWeak",1,0.7724,0.250666666666667
"Pop25","Train0.25_Test0.75","Equal","TrainStrong_TestWeak",2,0.7866,0.233866666666667
"Pop25","Train0.25_Test0.75","Equal","TrainStrong_TestWeak",3,0.7888,0.2232
"Pop25","Train0.25_Test0.75","Equal","TrainStrong_TestWeak",4,0.7774,0.2456
"Pop25","Train0.25_Test0.75","Equal","TrainStrong_TestWeak",5,0.7572,0.278933333333333
"Pop25","Train0.25_Test0.75","Train>Test","TrainStrong_TestWeak",1,0.792,0.213333333333333
"Pop25","Train0.25_Test0.75","Train>Test","TrainStrong_TestWeak",2,0.768,0.26
"Pop25","Train0.25_Test0.75","Train>Test","TrainStrong_TestWeak",3,0.743,0.290666666666667
"Pop25","Train0.25_Test0.75","Train>Test","TrainStrong_TestWeak",4,0.752,0.276
"Pop25","Train0.25_Test0.75","Train>Test","TrainStrong_TestWeak",5,0.79,0.213333333333333
"Pop25","Train0.25_Test0.75","Train<Test","TrainStrong_TestWeak",1,0.7768,0.245066666666667
"Pop25","Train0.25_Test0.75","Train<Test","TrainStrong_TestWeak",2,0.7732,0.257866666666667
"Pop25","Train0.25_Test0.75","Train<Test","TrainStrong_TestWeak",3,0.786,0.2312
"Pop25","Train0.25_Test0.75","Train<Test","TrainStrong_TestWeak",4,0.7718,0.256533333333333
"Pop25","Train0.25_Test0.75","Train<Test","TrainStrong_TestWeak",5,0.7786,0.2448
"Pop25","Train0.25_Test0.75","Equal","TrainWeak_TestStrong",1,0.812,0.249866666666667
"Pop25","Train0.25_Test0.75","Equal","TrainWeak_TestStrong",2,0.7432,0.3424
"Pop25","Train0.25_Test0.75","Equal","TrainWeak_TestStrong",3,0.7174,0.3768
"Pop25","Train0.25_Test0.75","Equal","TrainWeak_TestStrong",4,0.7126,0.382933333333333
"Pop25","Train0.25_Test0.75","Equal","TrainWeak_TestStrong",5,0.7986,0.266933333333333
"Pop25","Train0.25_Test0.75","Train>Test","TrainWeak_TestStrong",1,0.787,0.282666666666667
"Pop25","Train0.25_Test0.75","Train>Test","TrainWeak_TestStrong",2,0.807,0.253333333333333
"Pop25","Train0.25_Test0.75","Train>Test","TrainWeak_TestStrong",3,0.844,0.202666666666667
"Pop25","Train0.25_Test0.75","Train>Test","TrainWeak_TestStrong",4,0.844,0.205333333333333
"Pop25","Train0.25_Test0.75","Train>Test","TrainWeak_TestStrong",5,0.785,0.286666666666667
"Pop25","Train0.25_Test0.75","Train<Test","TrainWeak_TestStrong",1,0.8282,0.226666666666667
"Pop25","Train0.25_Test0.75","Train<Test","TrainWeak_TestStrong",2,0.7584,0.321866666666667
"Pop25","Train0.25_Test0.75","Train<Test","TrainWeak_TestStrong",3,0.7838,0.2872
"Pop25","Train0.25_Test0.75","Train<Test","TrainWeak_TestStrong",4,0.6988,0.401333333333333
"Pop25","Train0.25_Test0.75","Train<Test","TrainWeak_TestStrong",5,0.7726,0.302666666666667
"Pop25","Train0.25_Test0.75","Equal","TrainWeak_TestWeak",1,0.7192,0.3376
"Pop25","Train0.25_Test0.75","Equal","TrainWeak_TestWeak",2,0.68,0.404266666666667
"Pop25","Train0.25_Test0.75","Equal","TrainWeak_TestWeak",3,0.6592,0.431733333333333
"Pop25","Train0.25_Test0.75","Equal","TrainWeak_TestWeak",4,0.6568,0.436533333333333
"Pop25","Train0.25_Test0.75","Equal","TrainWeak_TestWeak",5,0.7094,0.3568
"Pop25","Train0.25_Test0.75","Train>Test","TrainWeak_TestWeak",1,0.685,0.386666666666667
"Pop25","Train0.25_Test0.75","Train>Test","TrainWeak_TestWeak",2,0.694,0.369333333333333
"Pop25","Train0.25_Test0.75","Train>Test","TrainWeak_TestWeak",3,0.726,0.328
"Pop25","Train0.25_Test0.75","Train>Test","TrainWeak_TestWeak",4,0.725,0.316
"Pop25","Train0.25_Test0.75","Train>Test","TrainWeak_TestWeak",5,0.705,0.365333333333333
"Pop25","Train0.25_Test0.75","Train<Test","TrainWeak_TestWeak",1,0.7242,0.332533333333333
"Pop25","Train0.25_Test0.75","Train<Test","TrainWeak_TestWeak",2,0.6882,0.3888
"Pop25","Train0.25_Test0.75","Train<Test","TrainWeak_TestWeak",3,0.7116,0.351466666666667
"Pop25","Train0.25_Test0.75","Train<Test","TrainWeak_TestWeak",4,0.6388,0.464
"Pop25","Train0.25_Test0.75","Train<Test","TrainWeak_TestWeak",5,0.689,0.390666666666667
"Pop25","Train0.25_Test0.5","Equal","TrainStrong_TestStrong",1,0.9158,0.146
"Pop25","Train0.25_Test0.5","Equal","TrainStrong_TestStrong",2,0.9238,0.1208
"Pop25","Train0.25_Test0.5","Equal","TrainStrong_TestStrong",3,0.9258,0.1016
"Pop25","Train0.25_Test0.5","Equal","TrainStrong_TestStrong",4,0.92,0.1312
"Pop25","Train0.25_Test0.5","Equal","TrainStrong_TestStrong",5,0.912,0.1584
"Pop25","Train0.25_Test0.5","Train>Test","TrainStrong_TestStrong",1,0.933,0.088
"Pop25","Train0.25_Test0.5","Train>Test","TrainStrong_TestStrong",2,0.925,0.112
"Pop25","Train0.25_Test0.5","Train>Test","TrainStrong_TestStrong",3,0.895,0.16
"Pop25","Train0.25_Test0.5","Train>Test","TrainStrong_TestStrong",4,0.926,0.136
"Pop25","Train0.25_Test0.5","Train>Test","TrainStrong_TestStrong",5,0.931,0.092
"Pop25","Train0.25_Test0.5","Train<Test","TrainStrong_TestStrong",1,0.928,0.1056
"Pop25","Train0.25_Test0.5","Train<Test","TrainStrong_TestStrong",2,0.9172,0.1468
"Pop25","Train0.25_Test0.5","Train<Test","TrainStrong_TestStrong",3,0.9286,0.1076
"Pop25","Train0.25_Test0.5","Train<Test","TrainStrong_TestStrong",4,0.9238,0.1272
"Pop25","Train0.25_Test0.5","Train<Test","TrainStrong_TestStrong",5,0.9304,0.1084
"Pop25","Train0.25_Test0.5","Equal","TrainStrong_TestWeak",1,0.7926,0.2616
"Pop25","Train0.25_Test0.5","Equal","TrainStrong_TestWeak",2,0.8068,0.24
"Pop25","Train0.25_Test0.5","Equal","TrainStrong_TestWeak",3,0.8,0.2264
"Pop25","Train0.25_Test0.5","Equal","TrainStrong_TestWeak",4,0.807,0.2412
"Pop25","Train0.25_Test0.5","Equal","TrainStrong_TestWeak",5,0.7908,0.284
"Pop25","Train0.25_Test0.5","Train>Test","TrainStrong_TestWeak",1,0.805,0.224
"Pop25","Train0.25_Test0.5","Train>Test","TrainStrong_TestWeak",2,0.785,0.268
"Pop25","Train0.25_Test0.5","Train>Test","TrainStrong_TestWeak",3,0.787,0.274
"Pop25","Train0.25_Test0.5","Train>Test","TrainStrong_TestWeak",4,0.78,0.28
"Pop25","Train0.25_Test0.5","Train>Test","TrainStrong_TestWeak",5,0.797,0.212
"Pop25","Train0.25_Test0.5","Train<Test","TrainStrong_TestWeak",1,0.801,0.2428
"Pop25","Train0.25_Test0.5","Train<Test","TrainStrong_TestWeak",2,0.804,0.2572
"Pop25","Train0.25_Test0.5","Train<Test","TrainStrong_TestWeak",3,0.8098,0.2256
"Pop25","Train0.25_Test0.5","Train<Test","TrainStrong_TestWeak",4,0.8026,0.2592
"Pop25","Train0.25_Test0.5","Train<Test","TrainStrong_TestWeak",5,0.7996,0.2372
"Pop25","Train0.25_Test0.5","Equal","TrainWeak_TestStrong",1,0.8726,0.2516
"Pop25","Train0.25_Test0.5","Equal","TrainWeak_TestStrong",2,0.8308,0.3376
"Pop25","Train0.25_Test0.5","Equal","TrainWeak_TestStrong",3,0.8094,0.3808
"Pop25","Train0.25_Test0.5","Equal","TrainWeak_TestStrong",4,0.8072,0.3848
"Pop25","Train0.25_Test0.5","Equal","TrainWeak_TestStrong",5,0.8676,0.26
"Pop25","Train0.25_Test0.5","Train>Test","TrainWeak_TestStrong",1,0.861,0.274
"Pop25","Train0.25_Test0.5","Train>Test","TrainWeak_TestStrong",2,0.873,0.248
"Pop25","Train0.25_Test0.5","Train>Test","TrainWeak_TestStrong",3,0.887,0.208
"Pop25","Train0.25_Test0.5","Train>Test","TrainWeak_TestStrong",4,0.9,0.194
"Pop25","Train0.25_Test0.5","Train>Test","TrainWeak_TestStrong",5,0.868,0.264
"Pop25","Train0.25_Test0.5","Train<Test","TrainWeak_TestStrong",1,0.8848,0.2224
"Pop25","Train0.25_Test0.5","Train<Test","TrainWeak_TestStrong",2,0.8362,0.326
"Pop25","Train0.25_Test0.5","Train<Test","TrainWeak_TestStrong",3,0.855,0.2884
"Pop25","Train0.25_Test0.5","Train<Test","TrainWeak_TestStrong",4,0.802,0.3952
"Pop25","Train0.25_Test0.5","Train<Test","TrainWeak_TestStrong",5,0.8456,0.3068
"Pop25","Train0.25_Test0.5","Equal","TrainWeak_TestWeak",1,0.7722,0.3488
"Pop25","Train0.25_Test0.5","Equal","TrainWeak_TestWeak",2,0.762,0.4092
"Pop25","Train0.25_Test0.5","Equal","TrainWeak_TestWeak",3,0.7508,0.4364
"Pop25","Train0.25_Test0.5","Equal","TrainWeak_TestWeak",4,0.7538,0.4368
"Pop25","Train0.25_Test0.5","Equal","TrainWeak_TestWeak",5,0.769,0.3668
"Pop25","Train0.25_Test0.5","Train>Test","TrainWeak_TestWeak",1,0.77,0.382
"Pop25","Train0.25_Test0.5","Train>Test","TrainWeak_TestWeak",2,0.757,0.372
"Pop25","Train0.25_Test0.5","Train>Test","TrainWeak_TestWeak",3,0.79,0.308
"Pop25","Train0.25_Test0.5","Train>Test","TrainWeak_TestWeak",4,0.766,0.32
"Pop25","Train0.25_Test0.5","Train>Test","TrainWeak_TestWeak",5,0.777,0.364
"Pop25","Train0.25_Test0.5","Train<Test","TrainWeak_TestWeak",1,0.784,0.3304
"Pop25","Train0.25_Test0.5","Train<Test","TrainWeak_TestWeak",2,0.7694,0.3852
"Pop25","Train0.25_Test0.5","Train<Test","TrainWeak_TestWeak",3,0.7836,0.344
"Pop25","Train0.25_Test0.5","Train<Test","TrainWeak_TestWeak",4,0.738,0.4736
"Pop25","Train0.25_Test0.5","Train<Test","TrainWeak_TestWeak",5,0.7662,0.3844
"Pop25","Train0.25_Test0.25","Equal","TrainStrong_TestStrong",1,0.9458,0.1512
"Pop25","Train0.25_Test0.25","Equal","TrainStrong_TestStrong",2,0.945,0.1272
"Pop25","Train0.25_Test0.25","Equal","TrainStrong_TestStrong",3,0.9378,0.1
"Pop25","Train0.25_Test0.25","Equal","TrainStrong_TestStrong",4,0.9432,0.14
"Pop25","Train0.25_Test0.25","Equal","TrainStrong_TestStrong",5,0.9468,0.1544
"Pop25","Train0.25_Test0.25","Train>Test","TrainStrong_TestStrong",1,0.945,0.08
"Pop25","Train0.25_Test0.25","Train>Test","TrainStrong_TestStrong",2,0.954,0.1
"Pop25","Train0.25_Test0.25","Train>Test","TrainStrong_TestStrong",3,0.926,0.164
"Pop25","Train0.25_Test0.25","Train>Test","TrainStrong_TestStrong",4,0.954,0.14
"Pop25","Train0.25_Test0.25","Train>Test","TrainStrong_TestStrong",5,0.941,0.088
"Pop25","Train0.25_Test0.25","Train<Test","TrainStrong_TestStrong",1,0.9434,0.1104
"Pop25","Train0.25_Test0.25","Train<Test","TrainStrong_TestStrong",2,0.9482,0.1472
"Pop25","Train0.25_Test0.25","Train<Test","TrainStrong_TestStrong",3,0.9484,0.1024
"Pop25","Train0.25_Test0.25","Train<Test","TrainStrong_TestStrong",4,0.9452,0.1344
"Pop25","Train0.25_Test0.25","Train<Test","TrainStrong_TestStrong",5,0.9482,0.1056
"Pop25","Train0.25_Test0.25","Equal","TrainStrong_TestWeak",1,0.8194,0.2632
"Pop25","Train0.25_Test0.25","Equal","TrainStrong_TestWeak",2,0.8318,0.2296
"Pop25","Train0.25_Test0.25","Equal","TrainStrong_TestWeak",3,0.8066,0.2384
"Pop25","Train0.25_Test0.25","Equal","TrainStrong_TestWeak",4,0.83,0.236
"Pop25","Train0.25_Test0.25","Equal","TrainStrong_TestWeak",5,0.8334,0.2688
"Pop25","Train0.25_Test0.25","Train>Test","TrainStrong_TestWeak",1,0.814,0.236
"Pop25","Train0.25_Test0.25","Train>Test","TrainStrong_TestWeak",2,0.817,0.272
"Pop25","Train0.25_Test0.25","Train>Test","TrainStrong_TestWeak",3,0.828,0.264
"Pop25","Train0.25_Test0.25","Train>Test","TrainStrong_TestWeak",4,0.827,0.268
"Pop25","Train0.25_Test0.25","Train>Test","TrainStrong_TestWeak",5,0.812,0.216
"Pop25","Train0.25_Test0.25","Train<Test","TrainStrong_TestWeak",1,0.8236,0.2512
"Pop25","Train0.25_Test0.25","Train<Test","TrainStrong_TestWeak",2,0.835,0.2496
"Pop25","Train0.25_Test0.25","Train<Test","TrainStrong_TestWeak",3,0.8234,0.2376
"Pop25","Train0.25_Test0.25","Train<Test","TrainStrong_TestWeak",4,0.8258,0.2744
"Pop25","Train0.25_Test0.25","Train<Test","TrainStrong_TestWeak",5,0.8202,0.244
"Pop25","Train0.25_Test0.25","Equal","TrainWeak_TestStrong",1,0.9348,0.2496
"Pop25","Train0.25_Test0.25","Equal","TrainWeak_TestStrong",2,0.9162,0.3336
"Pop25","Train0.25_Test0.25","Equal","TrainWeak_TestStrong",3,0.9066,0.3704
"Pop25","Train0.25_Test0.25","Equal","TrainWeak_TestStrong",4,0.9032,0.384
"Pop25","Train0.25_Test0.25","Equal","TrainWeak_TestStrong",5,0.9302,0.2608
"Pop25","Train0.25_Test0.25","Train>Test","TrainWeak_TestStrong",1,0.941,0.228
"Pop25","Train0.25_Test0.25","Train>Test","TrainWeak_TestStrong",2,0.938,0.236
"Pop25","Train0.25_Test0.25","Train>Test","TrainWeak_TestStrong",3,0.934,0.216
"Pop25","Train0.25_Test0.25","Train>Test","TrainWeak_TestStrong",4,0.941,0.216
"Pop25","Train0.25_Test0.25","Train>Test","TrainWeak_TestStrong",5,0.935,0.26
"Pop25","Train0.25_Test0.25","Train<Test","TrainWeak_TestStrong",1,0.939,0.2208
"Pop25","Train0.25_Test0.25","Train<Test","TrainWeak_TestStrong",2,0.9192,0.3192
"Pop25","Train0.25_Test0.25","Train<Test","TrainWeak_TestStrong",3,0.9266,0.2864
"Pop25","Train0.25_Test0.25","Train<Test","TrainWeak_TestStrong",4,0.902,0.3896
"Pop25","Train0.25_Test0.25","Train<Test","TrainWeak_TestStrong",5,0.9222,0.304
"Pop25","Train0.25_Test0.25","Equal","TrainWeak_TestWeak",1,0.8328,0.3536
"Pop25","Train0.25_Test0.25","Equal","TrainWeak_TestWeak",2,0.8502,0.4056
"Pop25","Train0.25_Test0.25","Equal","TrainWeak_TestWeak",3,0.84,0.4448
"Pop25","Train0.25_Test0.25","Equal","TrainWeak_TestWeak",4,0.8476,0.4384
"Pop25","Train0.25_Test0.25","Equal","TrainWeak_TestWeak",5,0.8422,0.3496
"Pop25","Train0.25_Test0.25","Train>Test","TrainWeak_TestWeak",1,0.854,0.368
"Pop25","Train0.25_Test0.25","Train>Test","TrainWeak_TestWeak",2,0.825,0.376
"Pop25","Train0.25_Test0.25","Train>Test","TrainWeak_TestWeak",3,0.844,0.3
"Pop25","Train0.25_Test0.25","Train>Test","TrainWeak_TestWeak",4,0.83,0.304
"Pop25","Train0.25_Test0.25","Train>Test","TrainWeak_TestWeak",5,0.852,0.352
"Pop25","Train0.25_Test0.25","Train<Test","TrainWeak_TestWeak",1,0.8432,0.3328
"Pop25","Train0.25_Test0.25","Train<Test","TrainWeak_TestWeak",2,0.8512,0.3744
"Pop25","Train0.25_Test0.25","Train<Test","TrainWeak_TestWeak",3,0.8488,0.3504
"Pop25","Train0.25_Test0.25","Train<Test","TrainWeak_TestWeak",4,0.839,0.4944
"Pop25","Train0.25_Test0.25","Train<Test","TrainWeak_TestWeak",5,0.841,0.3888
"Pop50","Train0.5_Test0.75","Equal","TrainStrong_TestStrong",1,0.9236,0.0874666666666667
"Pop50","Train0.5_Test0.75","Equal","TrainStrong_TestStrong",2,0.9272,0.0768
"Pop50","Train0.5_Test0.75","Equal","TrainStrong_TestStrong",3,0.9446,0.0413333333333333
"Pop50","Train0.5_Test0.75","Equal","TrainStrong_TestStrong",4,0.9218,0.0864
"Pop50","Train0.5_Test0.75","Equal","TrainStrong_TestStrong",5,0.9324,0.0712
"Pop50","Train0.5_Test0.75","Train>Test","TrainStrong_TestStrong",1,0.94,0.048
"Pop50","Train0.5_Test0.75","Train>Test","TrainStrong_TestStrong",2,0.957,0.0373333333333333
"Pop50","Train0.5_Test0.75","Train>Test","TrainStrong_TestStrong",3,0.92,0.092
"Pop50","Train0.5_Test0.75","Train>Test","TrainStrong_TestStrong",4,0.94,0.06
"Pop50","Train0.5_Test0.75","Train>Test","TrainStrong_TestStrong",5,0.941,0.0546666666666667
"Pop50","Train0.5_Test0.75","Train<Test","TrainStrong_TestStrong",1,0.9404,0.0530666666666667
"Pop50","Train0.5_Test0.75","Train<Test","TrainStrong_TestStrong",2,0.9496,0.0341333333333333
"Pop50","Train0.5_Test0.75","Train<Test","TrainStrong_TestStrong",3,0.9446,0.0490666666666667
"Pop50","Train0.5_Test0.75","Train<Test","TrainStrong_TestStrong",4,0.9426,0.052
"Pop50","Train0.5_Test0.75","Train<Test","TrainStrong_TestStrong",5,0.9354,0.0648
"Pop50","Train0.5_Test0.75","Equal","TrainStrong_TestWeak",1,0.796,0.207466666666667
"Pop50","Train0.5_Test0.75","Equal","TrainStrong_TestWeak",2,0.8088,0.194666666666667
"Pop50","Train0.5_Test0.75","Equal","TrainStrong_TestWeak",3,0.813,0.1728
"Pop50","Train0.5_Test0.75","Equal","TrainStrong_TestWeak",4,0.797,0.210133333333333
"Pop50","Train0.5_Test0.75","Equal","TrainStrong_TestWeak",5,0.7938,0.208
"Pop50","Train0.5_Test0.75","Train>Test","TrainStrong_TestWeak",1,0.811,0.172
"Pop50","Train0.5_Test0.75","Train>Test","TrainStrong_TestWeak",2,0.812,0.190666666666667
"Pop50","Train0.5_Test0.75","Train>Test","TrainStrong_TestWeak",3,0.767,0.250666666666667
"Pop50","Train0.5_Test0.75","Train>Test","TrainStrong_TestWeak",4,0.794,0.202666666666667
"Pop50","Train0.5_Test0.75","Train>Test","TrainStrong_TestWeak",5,0.804,0.18
"Pop50","Train0.5_Test0.75","Train<Test","TrainStrong_TestWeak",1,0.803,0.193066666666667
"Pop50","Train0.5_Test0.75","Train<Test","TrainStrong_TestWeak",2,0.821,0.168266666666667
"Pop50","Train0.5_Test0.75","Train<Test","TrainStrong_TestWeak",3,0.8144,0.179733333333333
"Pop50","Train0.5_Test0.75","Train<Test","TrainStrong_TestWeak",4,0.8028,0.1952
"Pop50","Train0.5_Test0.75","Train<Test","TrainStrong_TestWeak",5,0.8036,0.200266666666667
"Pop50","Train0.5_Test0.75","Equal","TrainWeak_TestStrong",1,0.9182,0.0970666666666667
"Pop50","Train0.5_Test0.75","Equal","TrainWeak_TestStrong",2,0.9,0.122133333333333
"Pop50","Train0.5_Test0.75","Equal","TrainWeak_TestStrong",3,0.9266,0.0794666666666667
"Pop50","Train0.5_Test0.75","Equal","TrainWeak_TestStrong",4,0.923,0.0842666666666667
"Pop50","Train0.5_Test0.75","Equal","TrainWeak_TestStrong",5,0.9184,0.0946666666666667
"Pop50","Train0.5_Test0.75","Train>Test","TrainWeak_TestStrong",1,0.926,0.076
"Pop50","Train0.5_Test0.75","Train>Test","TrainWeak_TestStrong",2,0.93,0.0813333333333333
"Pop50","Train0.5_Test0.75","Train>Test","TrainWeak_TestStrong",3,0.915,0.0986666666666667
"Pop50","Train0.5_Test0.75","Train>Test","TrainWeak_TestStrong",4,0.958,0.016
"Pop50","Train0.5_Test0.75","Train>Test","TrainWeak_TestStrong",5,0.94,0.056
"Pop50","Train0.5_Test0.75","Train<Test","TrainWeak_TestStrong",1,0.94,0.0522666666666667
"Pop50","Train0.5_Test0.75","Train<Test","TrainWeak_TestStrong",2,0.9512,0.0261333333333333
"Pop50","Train0.5_Test0.75","Train<Test","TrainWeak_TestStrong",3,0.9432,0.0536
"Pop50","Train0.5_Test0.75","Train<Test","TrainWeak_TestStrong",4,0.9418,0.0552
"Pop50","Train0.5_Test0.75","Train<Test","TrainWeak_TestStrong",5,0.9202,0.0930666666666667
"Pop50","Train0.5_Test0.75","Equal","TrainWeak_TestWeak",1,0.7948,0.212
"Pop50","Train0.5_Test0.75","Equal","TrainWeak_TestWeak",2,0.7872,0.232533333333333
"Pop50","Train0.5_Test0.75","Equal","TrainWeak_TestWeak",3,0.7968,0.207733333333333
"Pop50","Train0.5_Test0.75","Equal","TrainWeak_TestWeak",4,0.7984,0.207466666666667
"Pop50","Train0.5_Test0.75","Equal","TrainWeak_TestWeak",5,0.7872,0.2232
"Pop50","Train0.5_Test0.75","Train>Test","TrainWeak_TestWeak",1,0.796,0.2
"Pop50","Train0.5_Test0.75","Train>Test","TrainWeak_TestWeak",2,0.778,0.242666666666667
"Pop50","Train0.5_Test0.75","Train>Test","TrainWeak_TestWeak",3,0.77,0.252
"Pop50","Train0.5_Test0.75","Train>Test","TrainWeak_TestWeak",4,0.825,0.142666666666667
"Pop50","Train0.5_Test0.75","Train>Test","TrainWeak_TestWeak",5,0.803,0.181333333333333
"Pop50","Train0.5_Test0.75","Train<Test","TrainWeak_TestWeak",1,0.8042,0.190933333333333
"Pop50","Train0.5_Test0.75","Train<Test","TrainWeak_TestWeak",2,0.825,0.155733333333333
"Pop50","Train0.5_Test0.75","Train<Test","TrainWeak_TestWeak",3,0.812,0.1856
"Pop50","Train0.5_Test0.75","Train<Test","TrainWeak_TestWeak",4,0.8004,0.199466666666667
"Pop50","Train0.5_Test0.75","Train<Test","TrainWeak_TestWeak",5,0.7876,0.229066666666667
"Pop50","Train0.5_Test0.5","Equal","TrainStrong_TestStrong",1,0.9318,0.0868
"Pop50","Train0.5_Test0.5","Equal","TrainStrong_TestStrong",2,0.9346,0.074
"Pop50","Train0.5_Test0.5","Equal","TrainStrong_TestStrong",3,0.9308,0.0372
"Pop50","Train0.5_Test0.5","Equal","TrainStrong_TestStrong",4,0.9328,0.0852
"Pop50","Train0.5_Test0.5","Equal","TrainStrong_TestStrong",5,0.9366,0.068
"Pop50","Train0.5_Test0.5","Train>Test","TrainStrong_TestStrong",1,0.925,0.04
"Pop50","Train0.5_Test0.5","Train>Test","TrainStrong_TestStrong",2,0.949,0.028
"Pop50","Train0.5_Test0.5","Train>Test","TrainStrong_TestStrong",3,0.919,0.102
"Pop50","Train0.5_Test0.5","Train>Test","TrainStrong_TestStrong",4,0.939,0.062
"Pop50","Train0.5_Test0.5","Train>Test","TrainStrong_TestStrong",5,0.938,0.048
"Pop50","Train0.5_Test0.5","Train<Test","TrainStrong_TestStrong",1,0.9278,0.0576
"Pop50","Train0.5_Test0.5","Train<Test","TrainStrong_TestStrong",2,0.934,0.0356
"Pop50","Train0.5_Test0.5","Train<Test","TrainStrong_TestStrong",3,0.9346,0.054
"Pop50","Train0.5_Test0.5","Train<Test","TrainStrong_TestStrong",4,0.934,0.0504
"Pop50","Train0.5_Test0.5","Train<Test","TrainStrong_TestStrong",5,0.9372,0.0632
"Pop50","Train0.5_Test0.5","Equal","TrainStrong_TestWeak",1,0.7986,0.2148
"Pop50","Train0.5_Test0.5","Equal","TrainStrong_TestWeak",2,0.8108,0.1968
"Pop50","Train0.5_Test0.5","Equal","TrainStrong_TestWeak",3,0.7982,0.1772
"Pop50","Train0.5_Test0.5","Equal","TrainStrong_TestWeak",4,0.8096,0.2064
"Pop50","Train0.5_Test0.5","Equal","TrainStrong_TestWeak",5,0.795,0.2108
"Pop50","Train0.5_Test0.5","Train>Test","TrainStrong_TestWeak",1,0.804,0.18
"Pop50","Train0.5_Test0.5","Train>Test","TrainStrong_TestWeak",2,0.795,0.204
"Pop50","Train0.5_Test0.5","Train>Test","TrainStrong_TestWeak",3,0.796,0.236
"Pop50","Train0.5_Test0.5","Train>Test","TrainStrong_TestWeak",4,0.786,0.208
"Pop50","Train0.5_Test0.5","Train>Test","TrainStrong_TestWeak",5,0.787,0.18
"Pop50","Train0.5_Test0.5","Train<Test","TrainStrong_TestWeak",1,0.8,0.1916
"Pop50","Train0.5_Test0.5","Train<Test","TrainStrong_TestWeak",2,0.808,0.1688
"Pop50","Train0.5_Test0.5","Train<Test","TrainStrong_TestWeak",3,0.8138,0.1736
"Pop50","Train0.5_Test0.5","Train<Test","TrainStrong_TestWeak",4,0.8054,0.1964
"Pop50","Train0.5_Test0.5","Train<Test","TrainStrong_TestWeak",5,0.8058,0.1968
"Pop50","Train0.5_Test0.5","Equal","TrainWeak_TestStrong",1,0.9298,0.096
"Pop50","Train0.5_Test0.5","Equal","TrainWeak_TestStrong",2,0.9244,0.1192
"Pop50","Train0.5_Test0.5","Equal","TrainWeak_TestStrong",3,0.9322,0.08
"Pop50","Train0.5_Test0.5","Equal","TrainWeak_TestStrong",4,0.9332,0.0832
"Pop50","Train0.5_Test0.5","Equal","TrainWeak_TestStrong",5,0.932,0.0912
"Pop50","Train0.5_Test0.5","Train>Test","TrainWeak_TestStrong",1,0.937,0.066
"Pop50","Train0.5_Test0.5","Train>Test","TrainWeak_TestStrong",2,0.933,0.08
"Pop50","Train0.5_Test0.5","Train>Test","TrainWeak_TestStrong",3,0.916,0.108
"Pop50","Train0.5_Test0.5","Train>Test","TrainWeak_TestStrong",4,0.926,0.014
"Pop50","Train0.5_Test0.5","Train>Test","TrainWeak_TestStrong",5,0.939,0.048
"Pop50","Train0.5_Test0.5","Train<Test","TrainWeak_TestStrong",1,0.9266,0.0568
"Pop50","Train0.5_Test0.5","Train<Test","TrainWeak_TestStrong",2,0.929,0.028
"Pop50","Train0.5_Test0.5","Train<Test","TrainWeak_TestStrong",3,0.937,0.0584
"Pop50","Train0.5_Test0.5","Train<Test","TrainWeak_TestStrong",4,0.9364,0.054
"Pop50","Train0.5_Test0.5","Train<Test","TrainWeak_TestStrong",5,0.9342,0.0916
"Pop50","Train0.5_Test0.5","Equal","TrainWeak_TestWeak",1,0.7996,0.2192
"Pop50","Train0.5_Test0.5","Equal","TrainWeak_TestWeak",2,0.8068,0.2384
"Pop50","Train0.5_Test0.5","Equal","TrainWeak_TestWeak",3,0.8012,0.2128
"Pop50","Train0.5_Test0.5","Equal","TrainWeak_TestWeak",4,0.8098,0.204
"Pop50","Train0.5_Test0.5","Equal","TrainWeak_TestWeak",5,0.7964,0.2272
"Pop50","Train0.5_Test0.5","Train>Test","TrainWeak_TestWeak",1,0.801,0.21
"Pop50","Train0.5_Test0.5","Train>Test","TrainWeak_TestWeak",2,0.785,0.254
"Pop50","Train0.5_Test0.5","Train>Test","TrainWeak_TestWeak",3,0.8,0.238
"Pop50","Train0.5_Test0.5","Train>Test","TrainWeak_TestWeak",4,0.792,0.144
"Pop50","Train0.5_Test0.5","Train>Test","TrainWeak_TestWeak",5,0.787,0.182
"Pop50","Train0.5_Test0.5","Train<Test","TrainWeak_TestWeak",1,0.8004,0.1884
"Pop50","Train0.5_Test0.5","Train<Test","TrainWeak_TestWeak",2,0.804,0.1576
"Pop50","Train0.5_Test0.5","Train<Test","TrainWeak_TestWeak",3,0.8144,0.1796
"Pop50","Train0.5_Test0.5","Train<Test","TrainWeak_TestWeak",4,0.8052,0.2008
"Pop50","Train0.5_Test0.5","Train<Test","TrainWeak_TestWeak",5,0.8022,0.2224
"Pop50","Train0.5_Test0.25","Equal","TrainStrong_TestStrong",1,0.9424,0.088
"Pop50","Train0.5_Test0.25","Equal","TrainStrong_TestStrong",2,0.9394,0.0712
"Pop50","Train0.5_Test0.25","Equal","TrainStrong_TestStrong",3,0.9146,0.0376
"Pop50","Train0.5_Test0.25","Equal","TrainStrong_TestStrong",4,0.9386,0.0936
"Pop50","Train0.5_Test0.25","Equal","TrainStrong_TestStrong",5,0.9366,0.0712
"Pop50","Train0.5_Test0.25","Train>Test","TrainStrong_TestStrong",1,0.914,0.032
"Pop50","Train0.5_Test0.25","Train>Test","TrainStrong_TestStrong",2,0.945,0.028
"Pop50","Train0.5_Test0.25","Train>Test","TrainStrong_TestStrong",3,0.923,0.112
"Pop50","Train0.5_Test0.25","Train>Test","TrainStrong_TestStrong",4,0.937,0.068
"Pop50","Train0.5_Test0.25","Train>Test","TrainStrong_TestStrong",5,0.93,0.036
"Pop50","Train0.5_Test0.25","Train<Test","TrainStrong_TestStrong",1,0.9198,0.064
"Pop50","Train0.5_Test0.25","Train<Test","TrainStrong_TestStrong",2,0.9192,0.032
"Pop50","Train0.5_Test0.25","Train<Test","TrainStrong_TestStrong",3,0.9318,0.052
"Pop50","Train0.5_Test0.25","Train<Test","TrainStrong_TestStrong",4,0.9226,0.0488
"Pop50","Train0.5_Test0.25","Train<Test","TrainStrong_TestStrong",5,0.9356,0.06
"Pop50","Train0.5_Test0.25","Equal","TrainStrong_TestWeak",1,0.805,0.2152
"Pop50","Train0.5_Test0.25","Equal","TrainStrong_TestWeak",2,0.818,0.1832
"Pop50","Train0.5_Test0.25","Equal","TrainStrong_TestWeak",3,0.781,0.1848
"Pop50","Train0.5_Test0.25","Equal","TrainStrong_TestWeak",4,0.8162,0.2008
"Pop50","Train0.5_Test0.25","Equal","TrainStrong_TestWeak",5,0.8028,0.204
"Pop50","Train0.5_Test0.25","Train>Test","TrainStrong_TestWeak",1,0.788,0.204
"Pop50","Train0.5_Test0.25","Train>Test","TrainStrong_TestWeak",2,0.794,0.212
"Pop50","Train0.5_Test0.25","Train>Test","TrainStrong_TestWeak",3,0.811,0.232
"Pop50","Train0.5_Test0.25","Train>Test","TrainStrong_TestWeak",4,0.797,0.204
"Pop50","Train0.5_Test0.25","Train>Test","TrainStrong_TestWeak",5,0.782,0.18
"Pop50","Train0.5_Test0.25","Train<Test","TrainStrong_TestWeak",1,0.7986,0.1992
"Pop50","Train0.5_Test0.25","Train<Test","TrainStrong_TestWeak",2,0.7952,0.1672
"Pop50","Train0.5_Test0.25","Train<Test","TrainStrong_TestWeak",3,0.8022,0.1824
"Pop50","Train0.5_Test0.25","Train<Test","TrainStrong_TestWeak",4,0.8006,0.2072
"Pop50","Train0.5_Test0.25","Train<Test","TrainStrong_TestWeak",5,0.8084,0.2024
"Pop50","Train0.5_Test0.25","Equal","TrainWeak_TestStrong",1,0.9432,0.1
"Pop50","Train0.5_Test0.25","Equal","TrainWeak_TestStrong",2,0.9448,0.1248
"Pop50","Train0.5_Test0.25","Equal","TrainWeak_TestStrong",3,0.9346,0.0824
"Pop50","Train0.5_Test0.25","Equal","TrainWeak_TestStrong",4,0.9384,0.092
"Pop50","Train0.5_Test0.25","Equal","TrainWeak_TestStrong",5,0.9426,0.0936
"Pop50","Train0.5_Test0.25","Train>Test","TrainWeak_TestStrong",1,0.94,0.048
"Pop50","Train0.5_Test0.25","Train>Test","TrainWeak_TestStrong",2,0.951,0.068
"Pop50","Train0.5_Test0.25","Train>Test","TrainWeak_TestStrong",3,0.923,0.116
"Pop50","Train0.5_Test0.25","Train>Test","TrainWeak_TestStrong",4,0.891,0.008
"Pop50","Train0.5_Test0.25","Train>Test","TrainWeak_TestStrong",5,0.931,0.036
"Pop50","Train0.5_Test0.25","Train<Test","TrainWeak_TestStrong",1,0.9178,0.0632
"Pop50","Train0.5_Test0.25","Train<Test","TrainWeak_TestStrong",2,0.9076,0.0248
"Pop50","Train0.5_Test0.25","Train<Test","TrainWeak_TestStrong",3,0.937,0.0568
"Pop50","Train0.5_Test0.25","Train<Test","TrainWeak_TestStrong",4,0.9268,0.0536
"Pop50","Train0.5_Test0.25","Train<Test","TrainWeak_TestStrong",5,0.9452,0.088
"Pop50","Train0.5_Test0.25","Equal","TrainWeak_TestWeak",1,0.8088,0.2208
"Pop50","Train0.5_Test0.25","Equal","TrainWeak_TestWeak",2,0.8314,0.228
"Pop50","Train0.5_Test0.25","Equal","TrainWeak_TestWeak",3,0.8016,0.2224
"Pop50","Train0.5_Test0.25","Equal","TrainWeak_TestWeak",4,0.8156,0.1976
"Pop50","Train0.5_Test0.25","Equal","TrainWeak_TestWeak",5,0.8118,0.2192
"Pop50","Train0.5_Test0.25","Train>Test","TrainWeak_TestWeak",1,0.802,0.224
"Pop50","Train0.5_Test0.25","Train>Test","TrainWeak_TestWeak",2,0.811,0.256
"Pop50","Train0.5_Test0.25","Train>Test","TrainWeak_TestWeak",3,0.817,0.232
"Pop50","Train0.5_Test0.25","Train>Test","TrainWeak_TestWeak",4,0.774,0.144
"Pop50","Train0.5_Test0.25","Train>Test","TrainWeak_TestWeak",5,0.782,0.184
"Pop50","Train0.5_Test0.25","Train<Test","TrainWeak_TestWeak",1,0.798,0.1952
"Pop50","Train0.5_Test0.25","Train<Test","TrainWeak_TestWeak",2,0.7826,0.16
"Pop50","Train0.5_Test0.25","Train<Test","TrainWeak_TestWeak",3,0.8068,0.1896
"Pop50","Train0.5_Test0.25","Train<Test","TrainWeak_TestWeak",4,0.8028,0.212
"Pop50","Train0.5_Test0.25","Train<Test","TrainWeak_TestWeak",5,0.8168,0.2304
"Pop75","Train0.75_Test0.75","Equal","TrainStrong_TestStrong",1,0.9474,0.0352
"Pop75","Train0.75_Test0.75","Equal","TrainStrong_TestStrong",2,0.9436,0.0296
"Pop75","Train0.75_Test0.75","Equal","TrainStrong_TestStrong",3,0.9406,0.0205333333333333
"Pop75","Train0.75_Test0.75","Equal","TrainStrong_TestStrong",4,0.9456,0.0352
"Pop75","Train0.75_Test0.75","Equal","TrainStrong_TestStrong",5,0.9494,0.0248
"Pop75","Train0.75_Test0.75","Train>Test","TrainStrong_TestStrong",1,0.944,0.0266666666666667
"Pop75","Train0.75_Test0.75","Train>Test","TrainStrong_TestStrong",2,0.961,0.0186666666666667
"Pop75","Train0.75_Test0.75","Train>Test","TrainStrong_TestStrong",3,0.945,0.0373333333333333
"Pop75","Train0.75_Test0.75","Train>Test","TrainStrong_TestStrong",4,0.956,0.0186666666666667
"Pop75","Train0.75_Test0.75","Train>Test","TrainStrong_TestStrong",5,0.947,0.0213333333333333
"Pop75","Train0.75_Test0.75","Train<Test","TrainStrong_TestStrong",1,0.946,0.0202666666666667
"Pop75","Train0.75_Test0.75","Train<Test","TrainStrong_TestStrong",2,0.9502,0.0197333333333333
"Pop75","Train0.75_Test0.75","Train<Test","TrainStrong_TestStrong",3,0.949,0.032
"Pop75","Train0.75_Test0.75","Train<Test","TrainStrong_TestStrong",4,0.948,0.0312
"Pop75","Train0.75_Test0.75","Train<Test","TrainStrong_TestStrong",5,0.9458,0.0210666666666667
"Pop75","Train0.75_Test0.75","Equal","TrainStrong_TestWeak",1,0.8224,0.152
"Pop75","Train0.75_Test0.75","Equal","TrainStrong_TestWeak",2,0.8274,0.1496
"Pop75","Train0.75_Test0.75","Equal","TrainStrong_TestWeak",3,0.8316,0.1288
"Pop75","Train0.75_Test0.75","Equal","TrainStrong_TestWeak",4,0.8202,0.158133333333333
"Pop75","Train0.75_Test0.75","Equal","TrainStrong_TestWeak",5,0.8174,0.1544
"Pop75","Train0.75_Test0.75","Train>Test","TrainStrong_TestWeak",1,0.827,0.142666666666667
"Pop75","Train0.75_Test0.75","Train>Test","TrainStrong_TestWeak",2,0.832,0.142666666666667
"Pop75","Train0.75_Test0.75","Train>Test","TrainStrong_TestWeak",3,0.8,0.174666666666667
"Pop75","Train0.75_Test0.75","Train>Test","TrainStrong_TestWeak",4,0.822,0.146666666666667
"Pop75","Train0.75_Test0.75","Train>Test","TrainStrong_TestWeak",5,0.831,0.132
"Pop75","Train0.75_Test0.75","Train<Test","TrainStrong_TestWeak",1,0.8274,0.145333333333333
"Pop75","Train0.75_Test0.75","Train<Test","TrainStrong_TestWeak",2,0.8266,0.147466666666667
"Pop75","Train0.75_Test0.75","Train<Test","TrainStrong_TestWeak",3,0.8214,0.1608
"Pop75","Train0.75_Test0.75","Train<Test","TrainStrong_TestWeak",4,0.8148,0.167466666666667
"Pop75","Train0.75_Test0.75","Train<Test","TrainStrong_TestWeak",5,0.8252,0.1456
"Pop75","Train0.75_Test0.75","Equal","TrainWeak_TestStrong",1,0.9292,0.00266666666666667
"Pop75","Train0.75_Test0.75","Equal","TrainWeak_TestStrong",2,0.9276,0.00426666666666667
"Pop75","Train0.75_Test0.75","Equal","TrainWeak_TestStrong",3,0.9252,0.00533333333333333
"Pop75","Train0.75_Test0.75","Equal","TrainWeak_TestStrong",4,0.922,0.00186666666666667
"Pop75","Train0.75_Test0.75","Equal","TrainWeak_TestStrong",5,0.9356,0.00533333333333333
"Pop75","Train0.75_Test0.75","Train>Test","TrainWeak_TestStrong",1,0.901,0
"Pop75","Train0.75_Test0.75","Train>Test","TrainWeak_TestStrong",2,0.917,0
"Pop75","Train0.75_Test0.75","Train>Test","TrainWeak_TestStrong",3,0.94,0.00933333333333333
"Pop75","Train0.75_Test0.75","Train>Test","TrainWeak_TestStrong",4,0.916,0
"Pop75","Train0.75_Test0.75","Train>Test","TrainWeak_TestStrong",5,0.913,0.00133333333333333
"Pop75","Train0.75_Test0.75","Train<Test","TrainWeak_TestStrong",1,0.9416,0.0130666666666667
"Pop75","Train0.75_Test0.75","Train<Test","TrainWeak_TestStrong",2,0.922,0.00106666666666667
"Pop75","Train0.75_Test0.75","Train<Test","TrainWeak_TestStrong",3,0.927,0.00266666666666667
"Pop75","Train0.75_Test0.75","Train<Test","TrainWeak_TestStrong",4,0.9388,0.00826666666666667
"Pop75","Train0.75_Test0.75","Train<Test","TrainWeak_TestStrong",5,0.93,0.00293333333333333
"Pop75","Train0.75_Test0.75","Equal","TrainWeak_TestWeak",1,0.8456,0.0821333333333333
"Pop75","Train0.75_Test0.75","Equal","TrainWeak_TestWeak",2,0.8478,0.0845333333333333
"Pop75","Train0.75_Test0.75","Equal","TrainWeak_TestWeak",3,0.8432,0.0866666666666667
"Pop75","Train0.75_Test0.75","Equal","TrainWeak_TestWeak",4,0.8484,0.0818666666666667
"Pop75","Train0.75_Test0.75","Equal","TrainWeak_TestWeak",5,0.8324,0.1032
"Pop75","Train0.75_Test0.75","Train>Test","TrainWeak_TestWeak",1,0.835,0.0653333333333333
"Pop75","Train0.75_Test0.75","Train>Test","TrainWeak_TestWeak",2,0.84,0.0746666666666667
"Pop75","Train0.75_Test0.75","Train>Test","TrainWeak_TestWeak",3,0.816,0.106666666666667
"Pop75","Train0.75_Test0.75","Train>Test","TrainWeak_TestWeak",4,0.858,0.064
"Pop75","Train0.75_Test0.75","Train>Test","TrainWeak_TestWeak",5,0.839,0.0546666666666667
"Pop75","Train0.75_Test0.75","Train<Test","TrainWeak_TestWeak",1,0.835,0.122666666666667
"Pop75","Train0.75_Test0.75","Train<Test","TrainWeak_TestWeak",2,0.8476,0.0797333333333333
"Pop75","Train0.75_Test0.75","Train<Test","TrainWeak_TestWeak",3,0.8402,0.0893333333333333
"Pop75","Train0.75_Test0.75","Train<Test","TrainWeak_TestWeak",4,0.8338,0.113866666666667
"Pop75","Train0.75_Test0.75","Train<Test","TrainWeak_TestWeak",5,0.8376,0.0922666666666667
"Pop75","Train0.75_Test0.5","Equal","TrainStrong_TestStrong",1,0.929,0.0328
"Pop75","Train0.75_Test0.5","Equal","TrainStrong_TestStrong",2,0.9206,0.0284
"Pop75","Train0.75_Test0.5","Equal","TrainStrong_TestStrong",3,0.8996,0.0192
"Pop75","Train0.75_Test0.5","Equal","TrainStrong_TestStrong",4,0.931,0.0332
"Pop75","Train0.75_Test0.5","Equal","TrainStrong_TestStrong",5,0.924,0.022
"Pop75","Train0.75_Test0.5","Train>Test","TrainStrong_TestStrong",1,0.915,0.02
"Pop75","Train0.75_Test0.5","Train>Test","TrainStrong_TestStrong",2,0.933,0.012
"Pop75","Train0.75_Test0.5","Train>Test","TrainStrong_TestStrong",3,0.92,0.046
"Pop75","Train0.75_Test0.5","Train>Test","TrainStrong_TestStrong",4,0.928,0.018
"Pop75","Train0.75_Test0.5","Train>Test","TrainStrong_TestStrong",5,0.915,0.022
"Pop75","Train0.75_Test0.5","Train<Test","TrainStrong_TestStrong",1,0.9078,0.0208
"Pop75","Train0.75_Test0.5","Train<Test","TrainStrong_TestStrong",2,0.921,0.0208
"Pop75","Train0.75_Test0.5","Train<Test","TrainStrong_TestStrong",3,0.9286,0.0372
"Pop75","Train0.75_Test0.5","Train<Test","TrainStrong_TestStrong",4,0.9218,0.0292
"Pop75","Train0.75_Test0.5","Train<Test","TrainStrong_TestStrong",5,0.915,0.02
"Pop75","Train0.75_Test0.5","Equal","TrainStrong_TestWeak",1,0.7968,0.1572
"Pop75","Train0.75_Test0.5","Equal","TrainStrong_TestWeak",2,0.8012,0.1524
"Pop75","Train0.75_Test0.5","Equal","TrainStrong_TestWeak",3,0.7916,0.1348
"Pop75","Train0.75_Test0.5","Equal","TrainStrong_TestWeak",4,0.8038,0.1544
"Pop75","Train0.75_Test0.5","Equal","TrainStrong_TestWeak",5,0.7914,0.1524
"Pop75","Train0.75_Test0.5","Train>Test","TrainStrong_TestWeak",1,0.809,0.146
"Pop75","Train0.75_Test0.5","Train>Test","TrainStrong_TestWeak",2,0.795,0.158
"Pop75","Train0.75_Test0.5","Train>Test","TrainStrong_TestWeak",3,0.782,0.178
"Pop75","Train0.75_Test0.5","Train>Test","TrainStrong_TestWeak",4,0.791,0.148
"Pop75","Train0.75_Test0.5","Train>Test","TrainStrong_TestWeak",5,0.789,0.132
"Pop75","Train0.75_Test0.5","Train<Test","TrainStrong_TestWeak",1,0.7956,0.1452
"Pop75","Train0.75_Test0.5","Train<Test","TrainStrong_TestWeak",2,0.798,0.1488
"Pop75","Train0.75_Test0.5","Train<Test","TrainStrong_TestWeak",3,0.8066,0.1564
"Pop75","Train0.75_Test0.5","Train<Test","TrainStrong_TestWeak",4,0.8028,0.1668
"Pop75","Train0.75_Test0.5","Train<Test","TrainStrong_TestWeak",5,0.7948,0.1424
"Pop75","Train0.75_Test0.5","Equal","TrainWeak_TestStrong",1,0.861,0.0024
"Pop75","Train0.75_Test0.5","Equal","TrainWeak_TestStrong",2,0.8592,0.0036
"Pop75","Train0.75_Test0.5","Equal","TrainWeak_TestStrong",3,0.8496,0.0048
"Pop75","Train0.75_Test0.5","Equal","TrainWeak_TestStrong",4,0.8522,0.002
"Pop75","Train0.75_Test0.5","Equal","TrainWeak_TestStrong",5,0.8752,0.0048
"Pop75","Train0.75_Test0.5","Train>Test","TrainWeak_TestStrong",1,0.814,0
"Pop75","Train0.75_Test0.5","Train>Test","TrainWeak_TestStrong",2,0.823,0
"Pop75","Train0.75_Test0.5","Train>Test","TrainWeak_TestStrong",3,0.882,0.01
"Pop75","Train0.75_Test0.5","Train>Test","TrainWeak_TestStrong",4,0.825,0
"Pop75","Train0.75_Test0.5","Train>Test","TrainWeak_TestStrong",5,0.829,0.002
"Pop75","Train0.75_Test0.5","Train<Test","TrainWeak_TestStrong",1,0.8898,0.014
"Pop75","Train0.75_Test0.5","Train<Test","TrainWeak_TestStrong",2,0.8412,0.0012
"Pop75","Train0.75_Test0.5","Train<Test","TrainWeak_TestStrong",3,0.8576,0.0032
"Pop75","Train0.75_Test0.5","Train<Test","TrainWeak_TestStrong",4,0.8806,0.008
"Pop75","Train0.75_Test0.5","Train<Test","TrainWeak_TestStrong",5,0.858,0.0036
"Pop75","Train0.75_Test0.5","Equal","TrainWeak_TestWeak",1,0.7728,0.0864
"Pop75","Train0.75_Test0.5","Equal","TrainWeak_TestWeak",2,0.7748,0.0888
"Pop75","Train0.75_Test0.5","Equal","TrainWeak_TestWeak",3,0.7738,0.0884
"Pop75","Train0.75_Test0.5","Equal","TrainWeak_TestWeak",4,0.778,0.0768
"Pop75","Train0.75_Test0.5","Equal","TrainWeak_TestWeak",5,0.7728,0.102
"Pop75","Train0.75_Test0.5","Train>Test","TrainWeak_TestWeak",1,0.75,0.074
"Pop75","Train0.75_Test0.5","Train>Test","TrainWeak_TestWeak",2,0.763,0.082
"Pop75","Train0.75_Test0.5","Train>Test","TrainWeak_TestWeak",3,0.757,0.11
"Pop75","Train0.75_Test0.5","Train>Test","TrainWeak_TestWeak",4,0.77,0.064
"Pop75","Train0.75_Test0.5","Train>Test","TrainWeak_TestWeak",5,0.738,0.064
"Pop75","Train0.75_Test0.5","Train<Test","TrainWeak_TestWeak",1,0.7886,0.1236
"Pop75","Train0.75_Test0.5","Train<Test","TrainWeak_TestWeak",2,0.7694,0.0828
"Pop75","Train0.75_Test0.5","Train<Test","TrainWeak_TestWeak",3,0.7754,0.088
"Pop75","Train0.75_Test0.5","Train<Test","TrainWeak_TestWeak",4,0.7862,0.112
"Pop75","Train0.75_Test0.5","Train<Test","TrainWeak_TestWeak",5,0.77,0.0876
"Pop75","Train0.75_Test0.25","Equal","TrainStrong_TestStrong",1,0.9086,0.036
"Pop75","Train0.75_Test0.25","Equal","TrainStrong_TestStrong",2,0.8932,0.0312
"Pop75","Train0.75_Test0.25","Equal","TrainStrong_TestStrong",3,0.862,0.024
"Pop75","Train0.75_Test0.25","Equal","TrainStrong_TestStrong",4,0.9092,0.0336
"Pop75","Train0.75_Test0.25","Equal","TrainStrong_TestStrong",5,0.8946,0.0232
"Pop75","Train0.75_Test0.25","Train>Test","TrainStrong_TestStrong",1,0.885,0.02
"Pop75","Train0.75_Test0.25","Train>Test","TrainStrong_TestStrong",2,0.907,0.016
"Pop75","Train0.75_Test0.25","Train>Test","TrainStrong_TestStrong",3,0.898,0.048
"Pop75","Train0.75_Test0.25","Train>Test","TrainStrong_TestStrong",4,0.898,0.016
"Pop75","Train0.75_Test0.25","Train>Test","TrainStrong_TestStrong",5,0.887,0.016
"Pop75","Train0.75_Test0.25","Train<Test","TrainStrong_TestStrong",1,0.8752,0.0224
"Pop75","Train0.75_Test0.25","Train<Test","TrainStrong_TestStrong",2,0.8932,0.02
"Pop75","Train0.75_Test0.25","Train<Test","TrainStrong_TestStrong",3,0.9158,0.036
"Pop75","Train0.75_Test0.25","Train<Test","TrainStrong_TestStrong",4,0.8966,0.0264
"Pop75","Train0.75_Test0.25","Train<Test","TrainStrong_TestStrong",5,0.878,0.02
"Pop75","Train0.75_Test0.25","Equal","TrainStrong_TestWeak",1,0.7744,0.1568
"Pop75","Train0.75_Test0.25","Equal","TrainStrong_TestWeak",2,0.7796,0.1472
"Pop75","Train0.75_Test0.25","Equal","TrainStrong_TestWeak",3,0.7516,0.14
"Pop75","Train0.75_Test0.25","Equal","TrainStrong_TestWeak",4,0.7818,0.1456
"Pop75","Train0.75_Test0.25","Equal","TrainStrong_TestWeak",5,0.771,0.1448
"Pop75","Train0.75_Test0.25","Train>Test","TrainStrong_TestWeak",1,0.774,0.164
"Pop75","Train0.75_Test0.25","Train>Test","TrainStrong_TestWeak",2,0.763,0.176
"Pop75","Train0.75_Test0.25","Train>Test","TrainStrong_TestWeak",3,0.768,0.172
"Pop75","Train0.75_Test0.25","Train>Test","TrainStrong_TestWeak",4,0.774,0.148
"Pop75","Train0.75_Test0.25","Train>Test","TrainStrong_TestWeak",5,0.762,0.132
"Pop75","Train0.75_Test0.25","Train<Test","TrainStrong_TestWeak",1,0.766,0.1544
"Pop75","Train0.75_Test0.25","Train<Test","TrainStrong_TestWeak",2,0.7712,0.1512
"Pop75","Train0.75_Test0.25","Train<Test","TrainStrong_TestWeak",3,0.7832,0.1648
"Pop75","Train0.75_Test0.25","Train<Test","TrainStrong_TestWeak",4,0.7832,0.1688
"Pop75","Train0.75_Test0.25","Train<Test","TrainStrong_TestWeak",5,0.762,0.1448
"Pop75","Train0.75_Test0.25","Equal","TrainWeak_TestStrong",1,0.786,0.0016
"Pop75","Train0.75_Test0.25","Equal","TrainWeak_TestStrong",2,0.7914,0.0032
"Pop75","Train0.75_Test0.25","Equal","TrainWeak_TestStrong",3,0.7806,0.0088
"Pop75","Train0.75_Test0.25","Equal","TrainWeak_TestStrong",4,0.777,0.0032
"Pop75","Train0.75_Test0.25","Equal","TrainWeak_TestStrong",5,0.8148,0.0064
"Pop75","Train0.75_Test0.25","Train>Test","TrainWeak_TestStrong",1,0.722,0
"Pop75","Train0.75_Test0.25","Train>Test","TrainWeak_TestStrong",2,0.742,0
"Pop75","Train0.75_Test0.25","Train>Test","TrainWeak_TestStrong",3,0.817,0.012
"Pop75","Train0.75_Test0.25","Train>Test","TrainWeak_TestStrong",4,0.734,0
"Pop75","Train0.75_Test0.25","Train>Test","TrainWeak_TestStrong",5,0.734,0
"Pop75","Train0.75_Test0.25","Train<Test","TrainWeak_TestStrong",1,0.8434,0.0128
"Pop75","Train0.75_Test0.25","Train<Test","TrainWeak_TestStrong",2,0.7692,8e-04
"Pop75","Train0.75_Test0.25","Train<Test","TrainWeak_TestStrong",3,0.7918,0.0024
"Pop75","Train0.75_Test0.25","Train<Test","TrainWeak_TestStrong",4,0.8276,0.0064
"Pop75","Train0.75_Test0.25","Train<Test","TrainWeak_TestStrong",5,0.789,0.0032
"Pop75","Train0.75_Test0.25","Equal","TrainWeak_TestWeak",1,0.6986,0.088
"Pop75","Train0.75_Test0.25","Equal","TrainWeak_TestWeak",2,0.7096,0.0904
"Pop75","Train0.75_Test0.25","Equal","TrainWeak_TestWeak",3,0.7024,0.0888
"Pop75","Train0.75_Test0.25","Equal","TrainWeak_TestWeak",4,0.7076,0.0728
"Pop75","Train0.75_Test0.25","Equal","TrainWeak_TestWeak",5,0.717,0.1008
"Pop75","Train0.75_Test0.25","Train>Test","TrainWeak_TestWeak",1,0.654,0.092
"Pop75","Train0.75_Test0.25","Train>Test","TrainWeak_TestWeak",2,0.687,0.076
"Pop75","Train0.75_Test0.25","Train>Test","TrainWeak_TestWeak",3,0.697,0.104
"Pop75","Train0.75_Test0.25","Train>Test","TrainWeak_TestWeak",4,0.688,0.064
"Pop75","Train0.75_Test0.25","Train>Test","TrainWeak_TestWeak",5,0.663,0.044
"Pop75","Train0.75_Test0.25","Train<Test","TrainWeak_TestWeak",1,0.7464,0.1352
"Pop75","Train0.75_Test0.25","Train<Test","TrainWeak_TestWeak",2,0.6934,0.0864
"Pop75","Train0.75_Test0.25","Train<Test","TrainWeak_TestWeak",3,0.7056,0.0872
"Pop75","Train0.75_Test0.25","Train<Test","TrainWeak_TestWeak",4,0.734,0.1168
"Pop75","Train0.75_Test0.25","Train<Test","TrainWeak_TestWeak",5,0.7018,0.0904
