"Population","Case","Size","Strength","Replicate","Accuracy","FNR"
"Pop25","Train0.25_Test0.75","Equal","TrainStrong_TestStrong",1,0.885,0.148
"Pop25","Train0.25_Test0.75","Equal","TrainStrong_TestStrong",2,0.8926,0.1376
"Pop25","Train0.25_Test0.75","Equal","TrainStrong_TestStrong",3,0.903,0.12
"Pop25","Train0.25_Test0.75","Equal","TrainStrong_TestStrong",4,0.8896,0.1368
"Pop25","Train0.25_Test0.75","Equal","TrainStrong_TestStrong",5,0.863,0.175733333333333
"Pop25","Train0.25_Test0.75","Train>Test","TrainStrong_TestStrong",1,0.888,0.14
"Pop25","Train0.25_Test0.75","Train>Test","TrainStrong_TestStrong",2,0.884,0.142666666666667
"Pop25","Train0.25_Test0.75","Train>Test","TrainStrong_TestStrong",3,0.906,0.124
"Pop25","Train0.25_Test0.75","Train>Test","TrainStrong_TestStrong",4,0.904,0.121333333333333
"Pop25","Train0.25_Test0.75","Train>Test","TrainStrong_TestStrong",5,0.882,0.149333333333333
"Pop25","Train0.25_Test0.75","Train<Test","TrainStrong_TestStrong",1,0.9058,0.1136
"Pop25","Train0.25_Test0.75","Train<Test","TrainStrong_TestStrong",2,0.888,0.136533333333333
"Pop25","Train0.25_Test0.75","Train<Test","TrainStrong_TestStrong",3,0.9048,0.115466666666667
"Pop25","Train0.25_Test0.75","Train<Test","TrainStrong_TestStrong",4,0.905,0.1152
"Pop25","Train0.25_Test0.75","Train<Test","TrainStrong_TestStrong",5,0.8804,0.146133333333333
"Pop25","Train0.25_Test0.75","Equal","TrainStrong_TestWeak",1,0.768,0.257333333333333
"Pop25","Train0.25_Test0.75","Equal","TrainStrong_TestWeak",2,0.7768,0.245866666666667
"Pop25","Train0.25_Test0.75","Equal","TrainStrong_TestWeak",3,0.7822,0.2432
"Pop25","Train0.25_Test0.75","Equal","TrainStrong_TestWeak",4,0.779,0.246133333333333
"Pop25","Train0.25_Test0.75","Equal","TrainStrong_TestWeak",5,0.7544,0.288266666666667
"Pop25","Train0.25_Test0.75","Train>Test","TrainStrong_TestWeak",1,0.764,0.265333333333333
"Pop25","Train0.25_Test0.75","Train>Test","TrainStrong_TestWeak",2,0.763,0.257333333333333
"Pop25","Train0.25_Test0.75","Train>Test","TrainStrong_TestWeak",3,0.786,0.24
"Pop25","Train0.25_Test0.75","Train>Test","TrainStrong_TestWeak",4,0.788,0.237333333333333
"Pop25","Train0.25_Test0.75","Train>Test","TrainStrong_TestWeak",5,0.773,0.262666666666667
"Pop25","Train0.25_Test0.75","Train<Test","TrainStrong_TestWeak",1,0.7768,0.245866666666667
"Pop25","Train0.25_Test0.75","Train<Test","TrainStrong_TestWeak",2,0.7712,0.249866666666667
"Pop25","Train0.25_Test0.75","Train<Test","TrainStrong_TestWeak",3,0.7836,0.234933333333333
"Pop25","Train0.25_Test0.75","Train<Test","TrainStrong_TestWeak",4,0.7814,0.240266666666667
"Pop25","Train0.25_Test0.75","Train<Test","TrainStrong_TestWeak",5,0.7726,0.259466666666667
"Pop25","Train0.25_Test0.75","Equal","TrainWeak_TestStrong",1,0.7816,0.2912
"Pop25","Train0.25_Test0.75","Equal","TrainWeak_TestStrong",2,0.7414,0.343733333333333
"Pop25","Train0.25_Test0.75","Equal","TrainWeak_TestStrong",3,0.7156,0.3792
"Pop25","Train0.25_Test0.75","Equal","TrainWeak_TestStrong",4,0.7506,0.331733333333333
"Pop25","Train0.25_Test0.75","Equal","TrainWeak_TestStrong",5,0.7404,0.345866666666667
"Pop25","Train0.25_Test0.75","Train>Test","TrainWeak_TestStrong",1,0.786,0.282666666666667
"Pop25","Train0.25_Test0.75","Train>Test","TrainWeak_TestStrong",2,0.696,0.405333333333333
"Pop25","Train0.25_Test0.75","Train>Test","TrainWeak_TestStrong",3,0.747,0.337333333333333
"Pop25","Train0.25_Test0.75","Train>Test","TrainWeak_TestStrong",4,0.778,0.294666666666667
"Pop25","Train0.25_Test0.75","Train>Test","TrainWeak_TestStrong",5,0.767,0.309333333333333
"Pop25","Train0.25_Test0.75","Train<Test","TrainWeak_TestStrong",1,0.6706,0.4384
"Pop25","Train0.25_Test0.75","Train<Test","TrainWeak_TestStrong",2,0.6708,0.4376
"Pop25","Train0.25_Test0.75","Train<Test","TrainWeak_TestStrong",3,0.6976,0.4016
"Pop25","Train0.25_Test0.75","Train<Test","TrainWeak_TestStrong",4,0.6806,0.420533333333333
"Pop25","Train0.25_Test0.75","Train<Test","TrainWeak_TestStrong",5,0.7112,0.383733333333333
"Pop25","Train0.25_Test0.75","Equal","TrainWeak_TestWeak",1,0.693,0.377866666666667
"Pop25","Train0.25_Test0.75","Equal","TrainWeak_TestWeak",2,0.6704,0.410933333333333
"Pop25","Train0.25_Test0.75","Equal","TrainWeak_TestWeak",3,0.662,0.4328
"Pop25","Train0.25_Test0.75","Equal","TrainWeak_TestWeak",4,0.6798,0.4032
"Pop25","Train0.25_Test0.75","Equal","TrainWeak_TestWeak",5,0.6736,0.416533333333333
"Pop25","Train0.25_Test0.75","Train>Test","TrainWeak_TestWeak",1,0.683,0.389333333333333
"Pop25","Train0.25_Test0.75","Train>Test","TrainWeak_TestWeak",2,0.634,0.468
"Pop25","Train0.25_Test0.75","Train>Test","TrainWeak_TestWeak",3,0.665,0.425333333333333
"Pop25","Train0.25_Test0.75","Train>Test","TrainWeak_TestWeak",4,0.704,0.366666666666667
"Pop25","Train0.25_Test0.75","Train>Test","TrainWeak_TestWeak",5,0.702,0.378666666666667
"Pop25","Train0.25_Test0.75","Train<Test","TrainWeak_TestWeak",1,0.6064,0.5048
"Pop25","Train0.25_Test0.75","Train<Test","TrainWeak_TestWeak",2,0.6222,0.485066666666667
"Pop25","Train0.25_Test0.75","Train<Test","TrainWeak_TestWeak",3,0.6294,0.472533333333333
"Pop25","Train0.25_Test0.75","Train<Test","TrainWeak_TestWeak",4,0.6132,0.492266666666667
"Pop25","Train0.25_Test0.75","Train<Test","TrainWeak_TestWeak",5,0.6548,0.4408
"Pop25","Train0.25_Test0.5","Equal","TrainStrong_TestStrong",1,0.9152,0.148
"Pop25","Train0.25_Test0.5","Equal","TrainStrong_TestStrong",2,0.9248,0.1308
"Pop25","Train0.25_Test0.5","Equal","TrainStrong_TestStrong",3,0.9232,0.1236
"Pop25","Train0.25_Test0.5","Equal","TrainStrong_TestStrong",4,0.9156,0.1388
"Pop25","Train0.25_Test0.5","Equal","TrainStrong_TestStrong",5,0.905,0.1708
"Pop25","Train0.25_Test0.5","Train>Test","TrainStrong_TestStrong",1,0.927,0.122
"Pop25","Train0.25_Test0.5","Train>Test","TrainStrong_TestStrong",2,0.918,0.142
"Pop25","Train0.25_Test0.5","Train>Test","TrainStrong_TestStrong",3,0.933,0.112
"Pop25","Train0.25_Test0.5","Train>Test","TrainStrong_TestStrong",4,0.928,0.118
"Pop25","Train0.25_Test0.5","Train>Test","TrainStrong_TestStrong",5,0.908,0.162
"Pop25","Train0.25_Test0.5","Train<Test","TrainStrong_TestStrong",1,0.9232,0.1144
"Pop25","Train0.25_Test0.5","Train<Test","TrainStrong_TestStrong",2,0.9126,0.1348
"Pop25","Train0.25_Test0.5","Train<Test","TrainStrong_TestStrong",3,0.9262,0.114
"Pop25","Train0.25_Test0.5","Train<Test","TrainStrong_TestStrong",4,0.921,0.1184
"Pop25","Train0.25_Test0.5","Train<Test","TrainStrong_TestStrong",5,0.9092,0.1448
"Pop25","Train0.25_Test0.5","Equal","TrainStrong_TestWeak",1,0.7912,0.2696
"Pop25","Train0.25_Test0.5","Equal","TrainStrong_TestWeak",2,0.8,0.2468
"Pop25","Train0.25_Test0.5","Equal","TrainStrong_TestWeak",3,0.8038,0.2508
"Pop25","Train0.25_Test0.5","Equal","TrainStrong_TestWeak",4,0.8046,0.2448
"Pop25","Train0.25_Test0.5","Equal","TrainStrong_TestWeak",5,0.8002,0.2816
"Pop25","Train0.25_Test0.5","Train>Test","TrainStrong_TestWeak",1,0.806,0.268
"Pop25","Train0.25_Test0.5","Train>Test","TrainStrong_TestWeak",2,0.794,0.258
"Pop25","Train0.25_Test0.5","Train>Test","TrainStrong_TestWeak",3,0.816,0.238
"Pop25","Train0.25_Test0.5","Train>Test","TrainStrong_TestWeak",4,0.822,0.226
"Pop25","Train0.25_Test0.5","Train>Test","TrainStrong_TestWeak",5,0.797,0.268
"Pop25","Train0.25_Test0.5","Train<Test","TrainStrong_TestWeak",1,0.7996,0.2444
"Pop25","Train0.25_Test0.5","Train<Test","TrainStrong_TestWeak",2,0.7938,0.246
"Pop25","Train0.25_Test0.5","Train<Test","TrainStrong_TestWeak",3,0.7986,0.2496
"Pop25","Train0.25_Test0.5","Train<Test","TrainStrong_TestWeak",4,0.7996,0.2368
"Pop25","Train0.25_Test0.5","Train<Test","TrainStrong_TestWeak",5,0.7976,0.2676
"Pop25","Train0.25_Test0.5","Equal","TrainWeak_TestStrong",1,0.8534,0.292
"Pop25","Train0.25_Test0.5","Equal","TrainWeak_TestStrong",2,0.832,0.3336
"Pop25","Train0.25_Test0.5","Equal","TrainWeak_TestStrong",3,0.8078,0.384
"Pop25","Train0.25_Test0.5","Equal","TrainWeak_TestStrong",4,0.8318,0.334
"Pop25","Train0.25_Test0.5","Equal","TrainWeak_TestStrong",5,0.8278,0.3436
"Pop25","Train0.25_Test0.5","Train>Test","TrainWeak_TestStrong",1,0.86,0.274
"Pop25","Train0.25_Test0.5","Train>Test","TrainWeak_TestStrong",2,0.794,0.41
"Pop25","Train0.25_Test0.5","Train>Test","TrainWeak_TestStrong",3,0.844,0.312
"Pop25","Train0.25_Test0.5","Train>Test","TrainWeak_TestStrong",4,0.853,0.292
"Pop25","Train0.25_Test0.5","Train>Test","TrainWeak_TestStrong",5,0.846,0.304
"Pop25","Train0.25_Test0.5","Train<Test","TrainWeak_TestStrong",1,0.7796,0.436
"Pop25","Train0.25_Test0.5","Train<Test","TrainWeak_TestStrong",2,0.7802,0.4352
"Pop25","Train0.25_Test0.5","Train<Test","TrainWeak_TestStrong",3,0.7958,0.4024
"Pop25","Train0.25_Test0.5","Train<Test","TrainWeak_TestStrong",4,0.7806,0.4212
"Pop25","Train0.25_Test0.5","Train<Test","TrainWeak_TestStrong",5,0.8028,0.3904
"Pop25","Train0.25_Test0.5","Equal","TrainWeak_TestWeak",1,0.7612,0.3892
"Pop25","Train0.25_Test0.5","Equal","TrainWeak_TestWeak",2,0.7528,0.4108
"Pop25","Train0.25_Test0.5","Equal","TrainWeak_TestWeak",3,0.75,0.4408
"Pop25","Train0.25_Test0.5","Equal","TrainWeak_TestWeak",4,0.7632,0.4028
"Pop25","Train0.25_Test0.5","Equal","TrainWeak_TestWeak",5,0.7686,0.4068
"Pop25","Train0.25_Test0.5","Train>Test","TrainWeak_TestWeak",1,0.768,0.384
"Pop25","Train0.25_Test0.5","Train>Test","TrainWeak_TestWeak",2,0.741,0.468
"Pop25","Train0.25_Test0.5","Train>Test","TrainWeak_TestWeak",3,0.754,0.43
"Pop25","Train0.25_Test0.5","Train>Test","TrainWeak_TestWeak",4,0.787,0.35
"Pop25","Train0.25_Test0.5","Train>Test","TrainWeak_TestWeak",5,0.775,0.376
"Pop25","Train0.25_Test0.5","Train<Test","TrainWeak_TestWeak",1,0.7232,0.4976
"Pop25","Train0.25_Test0.5","Train<Test","TrainWeak_TestWeak",2,0.7296,0.4848
"Pop25","Train0.25_Test0.5","Train<Test","TrainWeak_TestWeak",3,0.7232,0.484
"Pop25","Train0.25_Test0.5","Train<Test","TrainWeak_TestWeak",4,0.718,0.492
"Pop25","Train0.25_Test0.5","Train<Test","TrainWeak_TestWeak",5,0.745,0.4472
"Pop25","Train0.25_Test0.25","Equal","TrainStrong_TestStrong",1,0.947,0.1488
"Pop25","Train0.25_Test0.25","Equal","TrainStrong_TestStrong",2,0.9552,0.1232
"Pop25","Train0.25_Test0.25","Equal","TrainStrong_TestStrong",3,0.9478,0.12
"Pop25","Train0.25_Test0.25","Equal","TrainStrong_TestStrong",4,0.9428,0.1424
"Pop25","Train0.25_Test0.25","Equal","TrainStrong_TestStrong",5,0.947,0.1576
"Pop25","Train0.25_Test0.25","Train>Test","TrainStrong_TestStrong",1,0.954,0.108
"Pop25","Train0.25_Test0.25","Train>Test","TrainStrong_TestStrong",2,0.949,0.12
"Pop25","Train0.25_Test0.25","Train>Test","TrainStrong_TestStrong",3,0.96,0.1
"Pop25","Train0.25_Test0.25","Train>Test","TrainStrong_TestStrong",4,0.951,0.116
"Pop25","Train0.25_Test0.25","Train>Test","TrainStrong_TestStrong",5,0.935,0.184
"Pop25","Train0.25_Test0.25","Train<Test","TrainStrong_TestStrong",1,0.9422,0.1128
"Pop25","Train0.25_Test0.25","Train<Test","TrainStrong_TestStrong",2,0.9378,0.1384
"Pop25","Train0.25_Test0.25","Train<Test","TrainStrong_TestStrong",3,0.9462,0.1152
"Pop25","Train0.25_Test0.25","Train<Test","TrainStrong_TestStrong",4,0.9376,0.1296
"Pop25","Train0.25_Test0.25","Train<Test","TrainStrong_TestStrong",5,0.937,0.1448
"Pop25","Train0.25_Test0.25","Equal","TrainStrong_TestWeak",1,0.8204,0.2752
"Pop25","Train0.25_Test0.25","Equal","TrainStrong_TestWeak",2,0.8242,0.2608
"Pop25","Train0.25_Test0.25","Equal","TrainStrong_TestWeak",3,0.8308,0.2408
"Pop25","Train0.25_Test0.25","Equal","TrainStrong_TestWeak",4,0.8208,0.2576
"Pop25","Train0.25_Test0.25","Equal","TrainStrong_TestWeak",5,0.8404,0.268
"Pop25","Train0.25_Test0.25","Train>Test","TrainStrong_TestWeak",1,0.838,0.276
"Pop25","Train0.25_Test0.25","Train>Test","TrainStrong_TestWeak",2,0.828,0.236
"Pop25","Train0.25_Test0.25","Train>Test","TrainStrong_TestWeak",3,0.845,0.244
"Pop25","Train0.25_Test0.25","Train>Test","TrainStrong_TestWeak",4,0.84,0.232
"Pop25","Train0.25_Test0.25","Train>Test","TrainStrong_TestWeak",5,0.839,0.264
"Pop25","Train0.25_Test0.25","Train<Test","TrainStrong_TestWeak",1,0.8234,0.2464
"Pop25","Train0.25_Test0.25","Train<Test","TrainStrong_TestWeak",2,0.8166,0.244
"Pop25","Train0.25_Test0.25","Train<Test","TrainStrong_TestWeak",3,0.8214,0.2408
"Pop25","Train0.25_Test0.25","Train<Test","TrainStrong_TestWeak",4,0.819,0.228
"Pop25","Train0.25_Test0.25","Train<Test","TrainStrong_TestWeak",5,0.8296,0.2624
"Pop25","Train0.25_Test0.25","Equal","TrainWeak_TestStrong",1,0.9244,0.296
"Pop25","Train0.25_Test0.25","Equal","TrainWeak_TestStrong",2,0.9154,0.3312
"Pop25","Train0.25_Test0.25","Equal","TrainWeak_TestStrong",3,0.9016,0.3912
"Pop25","Train0.25_Test0.25","Equal","TrainWeak_TestStrong",4,0.9174,0.3256
"Pop25","Train0.25_Test0.25","Equal","TrainWeak_TestStrong",5,0.9194,0.32
"Pop25","Train0.25_Test0.25","Train>Test","TrainWeak_TestStrong",1,0.938,0.228
"Pop25","Train0.25_Test0.25","Train>Test","TrainWeak_TestStrong",2,0.9,0.396
"Pop25","Train0.25_Test0.25","Train>Test","TrainWeak_TestStrong",3,0.926,0.292
"Pop25","Train0.25_Test0.25","Train>Test","TrainWeak_TestStrong",4,0.929,0.28
"Pop25","Train0.25_Test0.25","Train>Test","TrainWeak_TestStrong",5,0.916,0.328
"Pop25","Train0.25_Test0.25","Train<Test","TrainWeak_TestStrong",1,0.8862,0.4424
"Pop25","Train0.25_Test0.25","Train<Test","TrainWeak_TestStrong",2,0.8874,0.4408
"Pop25","Train0.25_Test0.25","Train<Test","TrainWeak_TestStrong",3,0.8956,0.3968
"Pop25","Train0.25_Test0.25","Train<Test","TrainWeak_TestStrong",4,0.883,0.4248
"Pop25","Train0.25_Test0.25","Train<Test","TrainWeak_TestStrong",5,0.896,0.4032
"Pop25","Train0.25_Test0.25","Equal","TrainWeak_TestWeak",1,0.8372,0.3912
"Pop25","Train0.25_Test0.25","Equal","TrainWeak_TestWeak",2,0.8372,0.4184
"Pop25","Train0.25_Test0.25","Equal","TrainWeak_TestWeak",3,0.8448,0.4368
"Pop25","Train0.25_Test0.25","Equal","TrainWeak_TestWeak",4,0.8394,0.408
"Pop25","Train0.25_Test0.25","Equal","TrainWeak_TestWeak",5,0.8558,0.3968
"Pop25","Train0.25_Test0.25","Train>Test","TrainWeak_TestWeak",1,0.859,0.356
"Pop25","Train0.25_Test0.25","Train>Test","TrainWeak_TestWeak",2,0.856,0.444
"Pop25","Train0.25_Test0.25","Train>Test","TrainWeak_TestWeak",3,0.848,0.428
"Pop25","Train0.25_Test0.25","Train>Test","TrainWeak_TestWeak",4,0.854,0.352
"Pop25","Train0.25_Test0.25","Train>Test","TrainWeak_TestWeak",5,0.857,0.368
"Pop25","Train0.25_Test0.25","Train<Test","TrainWeak_TestWeak",1,0.8354,0.4912
"Pop25","Train0.25_Test0.25","Train<Test","TrainWeak_TestWeak",2,0.8394,0.4784
"Pop25","Train0.25_Test0.25","Train<Test","TrainWeak_TestWeak",3,0.8228,0.4848
"Pop25","Train0.25_Test0.25","Train<Test","TrainWeak_TestWeak",4,0.8188,0.5104
"Pop25","Train0.25_Test0.25","Train<Test","TrainWeak_TestWeak",5,0.8366,0.452
"Pop50","Train0.5_Test0.75","Equal","TrainStrong_TestStrong",1,0.9244,0.0837333333333333
"Pop50","Train0.5_Test0.75","Equal","TrainStrong_TestStrong",2,0.94,0.0573333333333333
"Pop50","Train0.5_Test0.75","Equal","TrainStrong_TestStrong",3,0.9288,0.0786666666666667
"Pop50","Train0.5_Test0.75","Equal","TrainStrong_TestStrong",4,0.9244,0.0762666666666667
"Pop50","Train0.5_Test0.75","Equal","TrainStrong_TestStrong",5,0.9326,0.0637333333333333
"Pop50","Train0.5_Test0.75","Train>Test","TrainStrong_TestStrong",1,0.92,0.088
"Pop50","Train0.5_Test0.75","Train>Test","TrainStrong_TestStrong",2,0.943,0.0546666666666667
"Pop50","Train0.5_Test0.75","Train>Test","TrainStrong_TestStrong",3,0.935,0.0746666666666667
"Pop50","Train0.5_Test0.75","Train>Test","TrainStrong_TestStrong",4,0.94,0.0666666666666667
"Pop50","Train0.5_Test0.75","Train>Test","TrainStrong_TestStrong",5,0.93,0.0813333333333333
"Pop50","Train0.5_Test0.75","Train<Test","TrainStrong_TestStrong",1,0.933,0.0634666666666667
"Pop50","Train0.5_Test0.75","Train<Test","TrainStrong_TestStrong",2,0.9408,0.0464
"Pop50","Train0.5_Test0.75","Train<Test","TrainStrong_TestStrong",3,0.9438,0.0525333333333333
"Pop50","Train0.5_Test0.75","Train<Test","TrainStrong_TestStrong",4,0.929,0.0648
"Pop50","Train0.5_Test0.75","Train<Test","TrainStrong_TestStrong",5,0.9278,0.0757333333333333
"Pop50","Train0.5_Test0.75","Equal","TrainStrong_TestWeak",1,0.7992,0.2016
"Pop50","Train0.5_Test0.75","Equal","TrainStrong_TestWeak",2,0.8168,0.171733333333333
"Pop50","Train0.5_Test0.75","Equal","TrainStrong_TestWeak",3,0.8014,0.2056
"Pop50","Train0.5_Test0.75","Equal","TrainStrong_TestWeak",4,0.8068,0.193066666666667
"Pop50","Train0.5_Test0.75","Equal","TrainStrong_TestWeak",5,0.804,0.196
"Pop50","Train0.5_Test0.75","Train>Test","TrainStrong_TestWeak",1,0.796,0.205333333333333
"Pop50","Train0.5_Test0.75","Train>Test","TrainStrong_TestWeak",2,0.8,0.186666666666667
"Pop50","Train0.5_Test0.75","Train>Test","TrainStrong_TestWeak",3,0.813,0.190666666666667
"Pop50","Train0.5_Test0.75","Train>Test","TrainStrong_TestWeak",4,0.816,0.189333333333333
"Pop50","Train0.5_Test0.75","Train>Test","TrainStrong_TestWeak",5,0.792,0.22
"Pop50","Train0.5_Test0.75","Train<Test","TrainStrong_TestWeak",1,0.8016,0.196533333333333
"Pop50","Train0.5_Test0.75","Train<Test","TrainStrong_TestWeak",2,0.809,0.172533333333333
"Pop50","Train0.5_Test0.75","Train<Test","TrainStrong_TestWeak",3,0.813,0.183466666666667
"Pop50","Train0.5_Test0.75","Train<Test","TrainStrong_TestWeak",4,0.8098,0.184533333333333
"Pop50","Train0.5_Test0.75","Train<Test","TrainStrong_TestWeak",5,0.8034,0.198666666666667
"Pop50","Train0.5_Test0.75","Equal","TrainWeak_TestStrong",1,0.9148,0.102666666666667
"Pop50","Train0.5_Test0.75","Equal","TrainWeak_TestStrong",2,0.9006,0.122133333333333
"Pop50","Train0.5_Test0.75","Equal","TrainWeak_TestStrong",3,0.9328,0.0685333333333333
"Pop50","Train0.5_Test0.75","Equal","TrainWeak_TestStrong",4,0.9052,0.110133333333333
"Pop50","Train0.5_Test0.75","Equal","TrainWeak_TestStrong",5,0.932,0.0634666666666667
"Pop50","Train0.5_Test0.75","Train>Test","TrainWeak_TestStrong",1,0.91,0.104
"Pop50","Train0.5_Test0.75","Train>Test","TrainWeak_TestStrong",2,0.927,0.0786666666666667
"Pop50","Train0.5_Test0.75","Train>Test","TrainWeak_TestStrong",3,0.936,0.0546666666666667
"Pop50","Train0.5_Test0.75","Train>Test","TrainWeak_TestStrong",4,0.952,0.0333333333333333
"Pop50","Train0.5_Test0.75","Train>Test","TrainWeak_TestStrong",5,0.938,0.0626666666666667
"Pop50","Train0.5_Test0.75","Train<Test","TrainWeak_TestStrong",1,0.9162,0.0872
"Pop50","Train0.5_Test0.75","Train<Test","TrainWeak_TestStrong",2,0.891,0.1048
"Pop50","Train0.5_Test0.75","Train<Test","TrainWeak_TestStrong",3,0.8934,0.127733333333333
"Pop50","Train0.5_Test0.75","Train<Test","TrainWeak_TestStrong",4,0.931,0.0664
"Pop50","Train0.5_Test0.75","Train<Test","TrainWeak_TestStrong",5,0.8954,0.110666666666667
"Pop50","Train0.5_Test0.75","Equal","TrainWeak_TestWeak",1,0.7902,0.2192
"Pop50","Train0.5_Test0.75","Equal","TrainWeak_TestWeak",2,0.7852,0.232533333333333
"Pop50","Train0.5_Test0.75","Equal","TrainWeak_TestWeak",3,0.8072,0.193866666666667
"Pop50","Train0.5_Test0.75","Equal","TrainWeak_TestWeak",4,0.7914,0.220266666666667
"Pop50","Train0.5_Test0.75","Equal","TrainWeak_TestWeak",5,0.8044,0.193866666666667
"Pop50","Train0.5_Test0.75","Train>Test","TrainWeak_TestWeak",1,0.789,0.22
"Pop50","Train0.5_Test0.75","Train>Test","TrainWeak_TestWeak",2,0.789,0.205333333333333
"Pop50","Train0.5_Test0.75","Train>Test","TrainWeak_TestWeak",3,0.829,0.164
"Pop50","Train0.5_Test0.75","Train>Test","TrainWeak_TestWeak",4,0.83,0.158666666666667
"Pop50","Train0.5_Test0.75","Train>Test","TrainWeak_TestWeak",5,0.8,0.204
"Pop50","Train0.5_Test0.75","Train<Test","TrainWeak_TestWeak",1,0.7864,0.217333333333333
"Pop50","Train0.5_Test0.75","Train<Test","TrainWeak_TestWeak",2,0.7902,0.203466666666667
"Pop50","Train0.5_Test0.75","Train<Test","TrainWeak_TestWeak",3,0.7764,0.242666666666667
"Pop50","Train0.5_Test0.75","Train<Test","TrainWeak_TestWeak",4,0.8112,0.185333333333333
"Pop50","Train0.5_Test0.75","Train<Test","TrainWeak_TestWeak",5,0.7888,0.215733333333333
"Pop50","Train0.5_Test0.5","Equal","TrainStrong_TestStrong",1,0.9302,0.0828
"Pop50","Train0.5_Test0.5","Equal","TrainStrong_TestStrong",2,0.9386,0.0532
"Pop50","Train0.5_Test0.5","Equal","TrainStrong_TestStrong",3,0.9344,0.078
"Pop50","Train0.5_Test0.5","Equal","TrainStrong_TestStrong",4,0.9254,0.0816
"Pop50","Train0.5_Test0.5","Equal","TrainStrong_TestStrong",5,0.9292,0.0656
"Pop50","Train0.5_Test0.5","Train>Test","TrainStrong_TestStrong",1,0.931,0.082
"Pop50","Train0.5_Test0.5","Train>Test","TrainStrong_TestStrong",2,0.944,0.056
"Pop50","Train0.5_Test0.5","Train>Test","TrainStrong_TestStrong",3,0.941,0.064
"Pop50","Train0.5_Test0.5","Train>Test","TrainStrong_TestStrong",4,0.939,0.066
"Pop50","Train0.5_Test0.5","Train>Test","TrainStrong_TestStrong",5,0.936,0.078
"Pop50","Train0.5_Test0.5","Train<Test","TrainStrong_TestStrong",1,0.9216,0.0672
"Pop50","Train0.5_Test0.5","Train<Test","TrainStrong_TestStrong",2,0.9288,0.05
"Pop50","Train0.5_Test0.5","Train<Test","TrainStrong_TestStrong",3,0.9418,0.0508
"Pop50","Train0.5_Test0.5","Train<Test","TrainStrong_TestStrong",4,0.923,0.064
"Pop50","Train0.5_Test0.5","Train<Test","TrainStrong_TestStrong",5,0.929,0.0776
"Pop50","Train0.5_Test0.5","Equal","TrainStrong_TestWeak",1,0.7998,0.2104
"Pop50","Train0.5_Test0.5","Equal","TrainStrong_TestWeak",2,0.8096,0.1684
"Pop50","Train0.5_Test0.5","Equal","TrainStrong_TestWeak",3,0.8084,0.2124
"Pop50","Train0.5_Test0.5","Equal","TrainStrong_TestWeak",4,0.8128,0.1884
"Pop50","Train0.5_Test0.5","Equal","TrainStrong_TestWeak",5,0.8084,0.1884
"Pop50","Train0.5_Test0.5","Train>Test","TrainStrong_TestWeak",1,0.804,0.22
"Pop50","Train0.5_Test0.5","Train>Test","TrainStrong_TestWeak",2,0.794,0.186
"Pop50","Train0.5_Test0.5","Train>Test","TrainStrong_TestWeak",3,0.819,0.188
"Pop50","Train0.5_Test0.5","Train>Test","TrainStrong_TestWeak",4,0.833,0.176
"Pop50","Train0.5_Test0.5","Train>Test","TrainStrong_TestWeak",5,0.791,0.22
"Pop50","Train0.5_Test0.5","Train<Test","TrainStrong_TestWeak",1,0.7994,0.1976
"Pop50","Train0.5_Test0.5","Train<Test","TrainStrong_TestWeak",2,0.7942,0.1712
"Pop50","Train0.5_Test0.5","Train<Test","TrainStrong_TestWeak",3,0.8066,0.196
"Pop50","Train0.5_Test0.5","Train<Test","TrainStrong_TestWeak",4,0.799,0.184
"Pop50","Train0.5_Test0.5","Train<Test","TrainStrong_TestWeak",5,0.8092,0.2024
"Pop50","Train0.5_Test0.5","Equal","TrainWeak_TestStrong",1,0.9284,0.1028
"Pop50","Train0.5_Test0.5","Equal","TrainWeak_TestStrong",2,0.9246,0.1172
"Pop50","Train0.5_Test0.5","Equal","TrainWeak_TestStrong",3,0.9328,0.068
"Pop50","Train0.5_Test0.5","Equal","TrainWeak_TestStrong",4,0.9212,0.1136
"Pop50","Train0.5_Test0.5","Equal","TrainWeak_TestStrong",5,0.9286,0.0644
"Pop50","Train0.5_Test0.5","Train>Test","TrainWeak_TestStrong",1,0.934,0.092
"Pop50","Train0.5_Test0.5","Train>Test","TrainWeak_TestStrong",2,0.934,0.084
"Pop50","Train0.5_Test0.5","Train>Test","TrainWeak_TestStrong",3,0.929,0.042
"Pop50","Train0.5_Test0.5","Train>Test","TrainWeak_TestStrong",4,0.933,0.028
"Pop50","Train0.5_Test0.5","Train>Test","TrainWeak_TestStrong",5,0.934,0.062
"Pop50","Train0.5_Test0.5","Train<Test","TrainWeak_TestStrong",1,0.917,0.0848
"Pop50","Train0.5_Test0.5","Train<Test","TrainWeak_TestStrong",2,0.882,0.1144
"Pop50","Train0.5_Test0.5","Train<Test","TrainWeak_TestStrong",3,0.9178,0.1268
"Pop50","Train0.5_Test0.5","Train<Test","TrainWeak_TestStrong",4,0.925,0.0668
"Pop50","Train0.5_Test0.5","Train<Test","TrainWeak_TestStrong",5,0.8952,0.1148
"Pop50","Train0.5_Test0.5","Equal","TrainWeak_TestWeak",1,0.798,0.2256
"Pop50","Train0.5_Test0.5","Equal","TrainWeak_TestWeak",2,0.8024,0.2344
"Pop50","Train0.5_Test0.5","Equal","TrainWeak_TestWeak",3,0.8086,0.2016
"Pop50","Train0.5_Test0.5","Equal","TrainWeak_TestWeak",4,0.8076,0.2188
"Pop50","Train0.5_Test0.5","Equal","TrainWeak_TestWeak",5,0.806,0.1876
"Pop50","Train0.5_Test0.5","Train>Test","TrainWeak_TestWeak",1,0.803,0.23
"Pop50","Train0.5_Test0.5","Train>Test","TrainWeak_TestWeak",2,0.796,0.204
"Pop50","Train0.5_Test0.5","Train>Test","TrainWeak_TestWeak",3,0.818,0.158
"Pop50","Train0.5_Test0.5","Train>Test","TrainWeak_TestWeak",4,0.817,0.152
"Pop50","Train0.5_Test0.5","Train>Test","TrainWeak_TestWeak",5,0.792,0.204
"Pop50","Train0.5_Test0.5","Train<Test","TrainWeak_TestWeak",1,0.7948,0.2116
"Pop50","Train0.5_Test0.5","Train<Test","TrainWeak_TestWeak",2,0.7778,0.208
"Pop50","Train0.5_Test0.5","Train<Test","TrainWeak_TestWeak",3,0.7928,0.2576
"Pop50","Train0.5_Test0.5","Train<Test","TrainWeak_TestWeak",4,0.7986,0.186
"Pop50","Train0.5_Test0.5","Train<Test","TrainWeak_TestWeak",5,0.7956,0.2196
"Pop50","Train0.5_Test0.25","Equal","TrainStrong_TestStrong",1,0.9376,0.0864
"Pop50","Train0.5_Test0.25","Equal","TrainStrong_TestStrong",2,0.9396,0.048
"Pop50","Train0.5_Test0.25","Equal","TrainStrong_TestStrong",3,0.9434,0.0712
"Pop50","Train0.5_Test0.25","Equal","TrainStrong_TestStrong",4,0.931,0.08
"Pop50","Train0.5_Test0.25","Equal","TrainStrong_TestStrong",5,0.9306,0.0568
"Pop50","Train0.5_Test0.25","Train>Test","TrainStrong_TestStrong",1,0.934,0.076
"Pop50","Train0.5_Test0.25","Train>Test","TrainStrong_TestStrong",2,0.931,0.056
"Pop50","Train0.5_Test0.25","Train>Test","TrainStrong_TestStrong",3,0.949,0.052
"Pop50","Train0.5_Test0.25","Train>Test","TrainStrong_TestStrong",4,0.947,0.048
"Pop50","Train0.5_Test0.25","Train>Test","TrainStrong_TestStrong",5,0.94,0.096
"Pop50","Train0.5_Test0.25","Train<Test","TrainStrong_TestStrong",1,0.9154,0.0688
"Pop50","Train0.5_Test0.25","Train<Test","TrainStrong_TestStrong",2,0.9194,0.0504
"Pop50","Train0.5_Test0.25","Train<Test","TrainStrong_TestStrong",3,0.9364,0.0536
"Pop50","Train0.5_Test0.25","Train<Test","TrainStrong_TestStrong",4,0.9184,0.0672
"Pop50","Train0.5_Test0.25","Train<Test","TrainStrong_TestStrong",5,0.932,0.0784
"Pop50","Train0.5_Test0.25","Equal","TrainStrong_TestWeak",1,0.8056,0.2112
"Pop50","Train0.5_Test0.25","Equal","TrainStrong_TestWeak",2,0.8046,0.1736
"Pop50","Train0.5_Test0.25","Equal","TrainStrong_TestWeak",3,0.818,0.2016
"Pop50","Train0.5_Test0.25","Equal","TrainStrong_TestWeak",4,0.8036,0.1944
"Pop50","Train0.5_Test0.25","Equal","TrainStrong_TestWeak",5,0.8076,0.18
"Pop50","Train0.5_Test0.25","Train>Test","TrainStrong_TestWeak",1,0.807,0.232
"Pop50","Train0.5_Test0.25","Train>Test","TrainStrong_TestWeak",2,0.796,0.152
"Pop50","Train0.5_Test0.25","Train>Test","TrainStrong_TestWeak",3,0.824,0.196
"Pop50","Train0.5_Test0.25","Train>Test","TrainStrong_TestWeak",4,0.818,0.2
"Pop50","Train0.5_Test0.25","Train>Test","TrainStrong_TestWeak",5,0.813,0.212
"Pop50","Train0.5_Test0.25","Train<Test","TrainStrong_TestWeak",1,0.7996,0.2088
"Pop50","Train0.5_Test0.25","Train<Test","TrainStrong_TestWeak",2,0.783,0.1624
"Pop50","Train0.5_Test0.25","Train<Test","TrainStrong_TestWeak",3,0.8048,0.1896
"Pop50","Train0.5_Test0.25","Train<Test","TrainStrong_TestWeak",4,0.791,0.1752
"Pop50","Train0.5_Test0.25","Train<Test","TrainStrong_TestWeak",5,0.8138,0.1928
"Pop50","Train0.5_Test0.25","Equal","TrainWeak_TestStrong",1,0.9444,0.1056
"Pop50","Train0.5_Test0.25","Equal","TrainWeak_TestStrong",2,0.9484,0.1144
"Pop50","Train0.5_Test0.25","Equal","TrainWeak_TestStrong",3,0.935,0.064
"Pop50","Train0.5_Test0.25","Equal","TrainWeak_TestStrong",4,0.9398,0.1144
"Pop50","Train0.5_Test0.25","Equal","TrainWeak_TestStrong",5,0.9292,0.0568
"Pop50","Train0.5_Test0.25","Train>Test","TrainWeak_TestStrong",1,0.949,0.08
"Pop50","Train0.5_Test0.25","Train>Test","TrainWeak_TestStrong",2,0.935,0.084
"Pop50","Train0.5_Test0.25","Train>Test","TrainWeak_TestStrong",3,0.923,0.04
"Pop50","Train0.5_Test0.25","Train>Test","TrainWeak_TestStrong",4,0.915,0.02
"Pop50","Train0.5_Test0.25","Train>Test","TrainWeak_TestStrong",5,0.93,0.08
"Pop50","Train0.5_Test0.25","Train<Test","TrainWeak_TestStrong",1,0.9178,0.0872
"Pop50","Train0.5_Test0.25","Train<Test","TrainWeak_TestStrong",2,0.8814,0.1096
"Pop50","Train0.5_Test0.25","Train<Test","TrainWeak_TestStrong",3,0.9392,0.12
"Pop50","Train0.5_Test0.25","Train<Test","TrainWeak_TestStrong",4,0.9212,0.0696
"Pop50","Train0.5_Test0.25","Train<Test","TrainWeak_TestStrong",5,0.899,0.12
"Pop50","Train0.5_Test0.25","Equal","TrainWeak_TestWeak",1,0.8098,0.228
"Pop50","Train0.5_Test0.25","Equal","TrainWeak_TestWeak",2,0.8214,0.252
"Pop50","Train0.5_Test0.25","Equal","TrainWeak_TestWeak",3,0.8134,0.1896
"Pop50","Train0.5_Test0.25","Equal","TrainWeak_TestWeak",4,0.8134,0.2248
"Pop50","Train0.5_Test0.25","Equal","TrainWeak_TestWeak",5,0.803,0.1824
"Pop50","Train0.5_Test0.25","Train>Test","TrainWeak_TestWeak",1,0.816,0.244
"Pop50","Train0.5_Test0.25","Train>Test","TrainWeak_TestWeak",2,0.803,0.18
"Pop50","Train0.5_Test0.25","Train>Test","TrainWeak_TestWeak",3,0.81,0.168
"Pop50","Train0.5_Test0.25","Train>Test","TrainWeak_TestWeak",4,0.787,0.172
"Pop50","Train0.5_Test0.25","Train>Test","TrainWeak_TestWeak",5,0.804,0.196
"Pop50","Train0.5_Test0.25","Train<Test","TrainWeak_TestWeak",1,0.8012,0.224
"Pop50","Train0.5_Test0.25","Train<Test","TrainWeak_TestWeak",2,0.7766,0.1912
"Pop50","Train0.5_Test0.25","Train<Test","TrainWeak_TestWeak",3,0.8166,0.2504
"Pop50","Train0.5_Test0.25","Train<Test","TrainWeak_TestWeak",4,0.793,0.18
"Pop50","Train0.5_Test0.25","Train<Test","TrainWeak_TestWeak",5,0.7942,0.2296
"Pop75","Train0.75_Test0.75","Equal","TrainStrong_TestStrong",1,0.9516,0.0250666666666667
"Pop75","Train0.75_Test0.75","Equal","TrainStrong_TestStrong",2,0.9484,0.0328
"Pop75","Train0.75_Test0.75","Equal","TrainStrong_TestStrong",3,0.9514,0.0213333333333333
"Pop75","Train0.75_Test0.75","Equal","TrainStrong_TestStrong",4,0.936,0.0416
"Pop75","Train0.75_Test0.75","Equal","TrainStrong_TestStrong",5,0.9434,0.0213333333333333
"Pop75","Train0.75_Test0.75","Train>Test","TrainStrong_TestStrong",1,0.944,0.0253333333333333
"Pop75","Train0.75_Test0.75","Train>Test","TrainStrong_TestStrong",2,0.963,0.0186666666666667
"Pop75","Train0.75_Test0.75","Train>Test","TrainStrong_TestStrong",3,0.943,0.0333333333333333
"Pop75","Train0.75_Test0.75","Train>Test","TrainStrong_TestStrong",4,0.958,0.0186666666666667
"Pop75","Train0.75_Test0.75","Train>Test","TrainStrong_TestStrong",5,0.954,0.0333333333333333
"Pop75","Train0.75_Test0.75","Train<Test","TrainStrong_TestStrong",1,0.942,0.0354666666666667
"Pop75","Train0.75_Test0.75","Train<Test","TrainStrong_TestStrong",2,0.942,0.0304
"Pop75","Train0.75_Test0.75","Train<Test","TrainStrong_TestStrong",3,0.9424,0.0386666666666667
"Pop75","Train0.75_Test0.75","Train<Test","TrainStrong_TestStrong",4,0.9358,0.0546666666666667
"Pop75","Train0.75_Test0.75","Train<Test","TrainStrong_TestStrong",5,0.9394,0.0264
"Pop75","Train0.75_Test0.75","Equal","TrainStrong_TestWeak",1,0.83,0.136266666666667
"Pop75","Train0.75_Test0.75","Equal","TrainStrong_TestWeak",2,0.832,0.142666666666667
"Pop75","Train0.75_Test0.75","Equal","TrainStrong_TestWeak",3,0.8342,0.137066666666667
"Pop75","Train0.75_Test0.75","Equal","TrainStrong_TestWeak",4,0.825,0.151733333333333
"Pop75","Train0.75_Test0.75","Equal","TrainStrong_TestWeak",5,0.8282,0.142133333333333
"Pop75","Train0.75_Test0.75","Train>Test","TrainStrong_TestWeak",1,0.829,0.138666666666667
"Pop75","Train0.75_Test0.75","Train>Test","TrainStrong_TestWeak",2,0.81,0.16
"Pop75","Train0.75_Test0.75","Train>Test","TrainStrong_TestWeak",3,0.841,0.134666666666667
"Pop75","Train0.75_Test0.75","Train>Test","TrainStrong_TestWeak",4,0.849,0.126666666666667
"Pop75","Train0.75_Test0.75","Train>Test","TrainStrong_TestWeak",5,0.823,0.158666666666667
"Pop75","Train0.75_Test0.75","Train<Test","TrainStrong_TestWeak",1,0.8154,0.163466666666667
"Pop75","Train0.75_Test0.75","Train<Test","TrainStrong_TestWeak",2,0.8236,0.142666666666667
"Pop75","Train0.75_Test0.75","Train<Test","TrainStrong_TestWeak",3,0.8226,0.154933333333333
"Pop75","Train0.75_Test0.75","Train<Test","TrainStrong_TestWeak",4,0.8192,0.169066666666667
"Pop75","Train0.75_Test0.75","Train<Test","TrainStrong_TestWeak",5,0.8278,0.134933333333333
"Pop75","Train0.75_Test0.75","Equal","TrainWeak_TestStrong",1,0.9058,0.00106666666666667
"Pop75","Train0.75_Test0.75","Equal","TrainWeak_TestStrong",2,0.9206,0.00266666666666667
"Pop75","Train0.75_Test0.75","Equal","TrainWeak_TestStrong",3,0.925,0.00186666666666667
"Pop75","Train0.75_Test0.75","Equal","TrainWeak_TestStrong",4,0.915,0.004
"Pop75","Train0.75_Test0.75","Equal","TrainWeak_TestStrong",5,0.9218,0.0016
"Pop75","Train0.75_Test0.75","Train>Test","TrainWeak_TestStrong",1,0.892,0
"Pop75","Train0.75_Test0.75","Train>Test","TrainWeak_TestStrong",2,0.903,0.00133333333333333
"Pop75","Train0.75_Test0.75","Train>Test","TrainWeak_TestStrong",3,0.913,0.004
"Pop75","Train0.75_Test0.75","Train>Test","TrainWeak_TestStrong",4,0.916,0
"Pop75","Train0.75_Test0.75","Train>Test","TrainWeak_TestStrong",5,0.927,0.00533333333333333
"Pop75","Train0.75_Test0.75","Train<Test","TrainWeak_TestStrong",1,0.9048,0.0229333333333333
"Pop75","Train0.75_Test0.75","Train<Test","TrainWeak_TestStrong",2,0.9202,0.0056
"Pop75","Train0.75_Test0.75","Train<Test","TrainWeak_TestStrong",3,0.882,0.00373333333333333
"Pop75","Train0.75_Test0.75","Train<Test","TrainWeak_TestStrong",4,0.8902,0.0109333333333333
"Pop75","Train0.75_Test0.75","Train<Test","TrainWeak_TestStrong",5,0.8896,0.00266666666666667
"Pop75","Train0.75_Test0.75","Equal","TrainWeak_TestWeak",1,0.846,0.0557333333333333
"Pop75","Train0.75_Test0.75","Equal","TrainWeak_TestWeak",2,0.8464,0.0730666666666667
"Pop75","Train0.75_Test0.75","Equal","TrainWeak_TestWeak",3,0.8524,0.0698666666666667
"Pop75","Train0.75_Test0.75","Equal","TrainWeak_TestWeak",4,0.8442,0.0717333333333333
"Pop75","Train0.75_Test0.75","Equal","TrainWeak_TestWeak",5,0.8454,0.0821333333333333
"Pop75","Train0.75_Test0.75","Train>Test","TrainWeak_TestWeak",1,0.834,0.064
"Pop75","Train0.75_Test0.75","Train>Test","TrainWeak_TestWeak",2,0.834,0.068
"Pop75","Train0.75_Test0.75","Train>Test","TrainWeak_TestWeak",3,0.853,0.068
"Pop75","Train0.75_Test0.75","Train>Test","TrainWeak_TestWeak",4,0.857,0.0613333333333333
"Pop75","Train0.75_Test0.75","Train>Test","TrainWeak_TestWeak",5,0.849,0.0813333333333333
"Pop75","Train0.75_Test0.75","Train<Test","TrainWeak_TestWeak",1,0.8298,0.0978666666666667
"Pop75","Train0.75_Test0.75","Train<Test","TrainWeak_TestWeak",2,0.8438,0.0770666666666667
"Pop75","Train0.75_Test0.75","Train<Test","TrainWeak_TestWeak",3,0.8262,0.0552
"Pop75","Train0.75_Test0.75","Train<Test","TrainWeak_TestWeak",4,0.8264,0.0789333333333333
"Pop75","Train0.75_Test0.75","Train<Test","TrainWeak_TestWeak",5,0.8442,0.0546666666666667
"Pop75","Train0.75_Test0.5","Equal","TrainStrong_TestStrong",1,0.9244,0.0228
"Pop75","Train0.75_Test0.5","Equal","TrainStrong_TestStrong",2,0.9322,0.0316
"Pop75","Train0.75_Test0.5","Equal","TrainStrong_TestStrong",3,0.9192,0.0204
"Pop75","Train0.75_Test0.5","Equal","TrainStrong_TestStrong",4,0.9168,0.044
"Pop75","Train0.75_Test0.5","Equal","TrainStrong_TestStrong",5,0.9064,0.0252
"Pop75","Train0.75_Test0.5","Train>Test","TrainStrong_TestStrong",1,0.913,0.02
"Pop75","Train0.75_Test0.5","Train>Test","TrainStrong_TestStrong",2,0.934,0.022
"Pop75","Train0.75_Test0.5","Train>Test","TrainStrong_TestStrong",3,0.919,0.026
"Pop75","Train0.75_Test0.5","Train>Test","TrainStrong_TestStrong",4,0.92,0.018
"Pop75","Train0.75_Test0.5","Train>Test","TrainStrong_TestStrong",5,0.933,0.032
"Pop75","Train0.75_Test0.5","Train<Test","TrainStrong_TestStrong",1,0.912,0.0384
"Pop75","Train0.75_Test0.5","Train<Test","TrainStrong_TestStrong",2,0.9148,0.0336
"Pop75","Train0.75_Test0.5","Train<Test","TrainStrong_TestStrong",3,0.9258,0.0372
"Pop75","Train0.75_Test0.5","Train<Test","TrainStrong_TestStrong",4,0.9224,0.0568
"Pop75","Train0.75_Test0.5","Train<Test","TrainStrong_TestStrong",5,0.9022,0.0268
"Pop75","Train0.75_Test0.5","Equal","TrainStrong_TestWeak",1,0.7968,0.1408
"Pop75","Train0.75_Test0.5","Equal","TrainStrong_TestWeak",2,0.8094,0.14
"Pop75","Train0.75_Test0.5","Equal","TrainStrong_TestWeak",3,0.8056,0.1428
"Pop75","Train0.75_Test0.5","Equal","TrainStrong_TestWeak",4,0.8074,0.15
"Pop75","Train0.75_Test0.5","Equal","TrainStrong_TestWeak",5,0.8042,0.1344
"Pop75","Train0.75_Test0.5","Train>Test","TrainStrong_TestWeak",1,0.809,0.142
"Pop75","Train0.75_Test0.5","Train>Test","TrainStrong_TestWeak",2,0.788,0.152
"Pop75","Train0.75_Test0.5","Train>Test","TrainStrong_TestWeak",3,0.812,0.132
"Pop75","Train0.75_Test0.5","Train>Test","TrainStrong_TestWeak",4,0.819,0.116
"Pop75","Train0.75_Test0.5","Train>Test","TrainStrong_TestWeak",5,0.798,0.158
"Pop75","Train0.75_Test0.5","Train<Test","TrainStrong_TestWeak",1,0.7948,0.1616
"Pop75","Train0.75_Test0.5","Train<Test","TrainStrong_TestWeak",2,0.7938,0.1384
"Pop75","Train0.75_Test0.5","Train<Test","TrainStrong_TestWeak",3,0.7988,0.1656
"Pop75","Train0.75_Test0.5","Train<Test","TrainStrong_TestWeak",4,0.7996,0.1692
"Pop75","Train0.75_Test0.5","Train<Test","TrainStrong_TestWeak",5,0.7956,0.134
"Pop75","Train0.75_Test0.5","Equal","TrainWeak_TestStrong",1,0.8108,8e-04
"Pop75","Train0.75_Test0.5","Equal","TrainWeak_TestStrong",2,0.8476,0.0032
"Pop75","Train0.75_Test0.5","Equal","TrainWeak_TestStrong",3,0.8416,0.0016
"Pop75","Train0.75_Test0.5","Equal","TrainWeak_TestStrong",4,0.833,0.0032
"Pop75","Train0.75_Test0.5","Equal","TrainWeak_TestStrong",5,0.843,0.002
"Pop75","Train0.75_Test0.5","Train>Test","TrainWeak_TestStrong",1,0.806,0
"Pop75","Train0.75_Test0.5","Train>Test","TrainWeak_TestStrong",2,0.809,0
"Pop75","Train0.75_Test0.5","Train>Test","TrainWeak_TestStrong",3,0.843,0.004
"Pop75","Train0.75_Test0.5","Train>Test","TrainWeak_TestStrong",4,0.836,0
"Pop75","Train0.75_Test0.5","Train>Test","TrainWeak_TestStrong",5,0.85,0.006
"Pop75","Train0.75_Test0.5","Train<Test","TrainWeak_TestStrong",1,0.8268,0.022
"Pop75","Train0.75_Test0.5","Train<Test","TrainWeak_TestStrong",2,0.8492,0.0048
"Pop75","Train0.75_Test0.5","Train<Test","TrainWeak_TestStrong",3,0.7614,0.0036
"Pop75","Train0.75_Test0.5","Train<Test","TrainWeak_TestStrong",4,0.7932,0.0112
"Pop75","Train0.75_Test0.5","Train<Test","TrainWeak_TestStrong",5,0.7844,0.0032
"Pop75","Train0.75_Test0.5","Equal","TrainWeak_TestWeak",1,0.7472,0.0588
"Pop75","Train0.75_Test0.5","Equal","TrainWeak_TestWeak",2,0.7698,0.0708
"Pop75","Train0.75_Test0.5","Equal","TrainWeak_TestWeak",3,0.7768,0.072
"Pop75","Train0.75_Test0.5","Equal","TrainWeak_TestWeak",4,0.765,0.0724
"Pop75","Train0.75_Test0.5","Equal","TrainWeak_TestWeak",5,0.77,0.0784
"Pop75","Train0.75_Test0.5","Train>Test","TrainWeak_TestWeak",1,0.741,0.072
"Pop75","Train0.75_Test0.5","Train>Test","TrainWeak_TestWeak",2,0.746,0.056
"Pop75","Train0.75_Test0.5","Train>Test","TrainWeak_TestWeak",3,0.767,0.07
"Pop75","Train0.75_Test0.5","Train>Test","TrainWeak_TestWeak",4,0.771,0.054
"Pop75","Train0.75_Test0.5","Train>Test","TrainWeak_TestWeak",5,0.773,0.086
"Pop75","Train0.75_Test0.5","Train<Test","TrainWeak_TestWeak",1,0.753,0.0984
"Pop75","Train0.75_Test0.5","Train<Test","TrainWeak_TestWeak",2,0.768,0.0764
"Pop75","Train0.75_Test0.5","Train<Test","TrainWeak_TestWeak",3,0.712,0.0584
"Pop75","Train0.75_Test0.5","Train<Test","TrainWeak_TestWeak",4,0.7236,0.078
"Pop75","Train0.75_Test0.5","Train<Test","TrainWeak_TestWeak",5,0.7362,0.058
"Pop75","Train0.75_Test0.25","Equal","TrainStrong_TestStrong",1,0.8942,0.0256
"Pop75","Train0.75_Test0.25","Equal","TrainStrong_TestStrong",2,0.9172,0.0296
"Pop75","Train0.75_Test0.25","Equal","TrainStrong_TestStrong",3,0.8898,0.0184
"Pop75","Train0.75_Test0.25","Equal","TrainStrong_TestStrong",4,0.9012,0.0424
"Pop75","Train0.75_Test0.25","Equal","TrainStrong_TestStrong",5,0.8782,0.0256
"Pop75","Train0.75_Test0.25","Train>Test","TrainStrong_TestStrong",1,0.883,0.02
"Pop75","Train0.75_Test0.25","Train>Test","TrainStrong_TestStrong",2,0.896,0.02
"Pop75","Train0.75_Test0.25","Train>Test","TrainStrong_TestStrong",3,0.904,0.028
"Pop75","Train0.75_Test0.25","Train>Test","TrainStrong_TestStrong",4,0.888,0.008
"Pop75","Train0.75_Test0.25","Train>Test","TrainStrong_TestStrong",5,0.918,0.048
"Pop75","Train0.75_Test0.25","Train<Test","TrainStrong_TestStrong",1,0.8878,0.0416
"Pop75","Train0.75_Test0.25","Train<Test","TrainStrong_TestStrong",2,0.888,0.036
"Pop75","Train0.75_Test0.25","Train<Test","TrainStrong_TestStrong",3,0.9066,0.0384
"Pop75","Train0.75_Test0.25","Train<Test","TrainStrong_TestStrong",4,0.913,0.0608
"Pop75","Train0.75_Test0.25","Train<Test","TrainStrong_TestStrong",5,0.8616,0.032
"Pop75","Train0.75_Test0.25","Equal","TrainStrong_TestWeak",1,0.7662,0.1384
"Pop75","Train0.75_Test0.25","Equal","TrainStrong_TestWeak",2,0.7884,0.144
"Pop75","Train0.75_Test0.25","Equal","TrainStrong_TestWeak",3,0.7748,0.1376
"Pop75","Train0.75_Test0.25","Equal","TrainStrong_TestWeak",4,0.776,0.1592
"Pop75","Train0.75_Test0.25","Equal","TrainStrong_TestWeak",5,0.7708,0.1288
"Pop75","Train0.75_Test0.25","Train>Test","TrainStrong_TestWeak",1,0.773,0.156
"Pop75","Train0.75_Test0.25","Train>Test","TrainStrong_TestWeak",2,0.766,0.124
"Pop75","Train0.75_Test0.25","Train>Test","TrainStrong_TestWeak",3,0.789,0.132
"Pop75","Train0.75_Test0.25","Train>Test","TrainStrong_TestWeak",4,0.777,0.128
"Pop75","Train0.75_Test0.25","Train>Test","TrainStrong_TestWeak",5,0.787,0.152
"Pop75","Train0.75_Test0.25","Train<Test","TrainStrong_TestWeak",1,0.7754,0.1768
"Pop75","Train0.75_Test0.25","Train<Test","TrainStrong_TestWeak",2,0.766,0.1264
"Pop75","Train0.75_Test0.25","Train<Test","TrainStrong_TestWeak",3,0.7796,0.16
"Pop75","Train0.75_Test0.25","Train<Test","TrainStrong_TestWeak",4,0.7872,0.1624
"Pop75","Train0.75_Test0.25","Train<Test","TrainStrong_TestWeak",5,0.7594,0.1296
"Pop75","Train0.75_Test0.25","Equal","TrainWeak_TestStrong",1,0.7104,8e-04
"Pop75","Train0.75_Test0.25","Equal","TrainWeak_TestStrong",2,0.7784,0.0032
"Pop75","Train0.75_Test0.25","Equal","TrainWeak_TestStrong",3,0.7626,0.0016
"Pop75","Train0.75_Test0.25","Equal","TrainWeak_TestStrong",4,0.7598,0.0032
"Pop75","Train0.75_Test0.25","Equal","TrainWeak_TestStrong",5,0.7702,0.0016
"Pop75","Train0.75_Test0.25","Train>Test","TrainWeak_TestStrong",1,0.709,0
"Pop75","Train0.75_Test0.25","Train>Test","TrainWeak_TestStrong",2,0.706,0
"Pop75","Train0.75_Test0.25","Train>Test","TrainWeak_TestStrong",3,0.771,0.004
"Pop75","Train0.75_Test0.25","Train>Test","TrainWeak_TestStrong",4,0.753,0
"Pop75","Train0.75_Test0.25","Train>Test","TrainWeak_TestStrong",5,0.782,0.008
"Pop75","Train0.75_Test0.25","Train<Test","TrainWeak_TestStrong",1,0.7492,0.0224
"Pop75","Train0.75_Test0.25","Train<Test","TrainWeak_TestStrong",2,0.7768,0.0056
"Pop75","Train0.75_Test0.25","Train<Test","TrainWeak_TestStrong",3,0.6408,0.0048
"Pop75","Train0.75_Test0.25","Train<Test","TrainWeak_TestStrong",4,0.6982,0.0088
"Pop75","Train0.75_Test0.25","Train<Test","TrainWeak_TestStrong",5,0.6766,0.0032
"Pop75","Train0.75_Test0.25","Equal","TrainWeak_TestWeak",1,0.6444,0.0616
"Pop75","Train0.75_Test0.25","Equal","TrainWeak_TestWeak",2,0.692,0.0712
"Pop75","Train0.75_Test0.25","Equal","TrainWeak_TestWeak",3,0.6982,0.0656
"Pop75","Train0.75_Test0.25","Equal","TrainWeak_TestWeak",4,0.6804,0.0736
"Pop75","Train0.75_Test0.25","Equal","TrainWeak_TestWeak",5,0.6926,0.068
"Pop75","Train0.75_Test0.25","Train>Test","TrainWeak_TestWeak",1,0.645,0.092
"Pop75","Train0.75_Test0.25","Train>Test","TrainWeak_TestWeak",2,0.652,0.044
"Pop75","Train0.75_Test0.25","Train>Test","TrainWeak_TestWeak",3,0.683,0.076
"Pop75","Train0.75_Test0.25","Train>Test","TrainWeak_TestWeak",4,0.674,0.052
"Pop75","Train0.75_Test0.25","Train>Test","TrainWeak_TestWeak",5,0.706,0.092
"Pop75","Train0.75_Test0.25","Train<Test","TrainWeak_TestWeak",1,0.6796,0.1048
"Pop75","Train0.75_Test0.25","Train<Test","TrainWeak_TestWeak",2,0.696,0.068
"Pop75","Train0.75_Test0.25","Train<Test","TrainWeak_TestWeak",3,0.591,0.06
"Pop75","Train0.75_Test0.25","Train<Test","TrainWeak_TestWeak",4,0.626,0.0672
"Pop75","Train0.75_Test0.25","Train<Test","TrainWeak_TestWeak",5,0.6334,0.0512
