"Population","Case","Size","Replicate","Accuracy","FNR"
"Pop25","Train0.25_Test0.75","Equal",1,0.9256,0.0848
"Pop25","Train0.25_Test0.75","Equal",2,0.927,0.0856
"Pop25","Train0.25_Test0.75","Equal",3,0.9292,0.0816
"Pop25","Train0.25_Test0.75","Equal",4,0.9176,0.0922666666666667
"Pop25","Train0.25_Test0.75","Equal",5,0.9292,0.0789333333333333
"Pop25","Train0.25_Test0.75","Train>Test",1,0.915,0.096
"Pop25","Train0.25_Test0.75","Train>Test",2,0.932,0.0666666666666667
"Pop25","Train0.25_Test0.75","Train>Test",3,0.926,0.0866666666666667
"Pop25","Train0.25_Test0.75","Train>Test",4,0.94,0.0626666666666667
"Pop25","Train0.25_Test0.75","Train>Test",5,0.917,0.1
"Pop25","Train0.25_Test0.75","Test>Train",1,0.9002,0.124533333333333
"Pop25","Train0.25_Test0.75","Test>Train",2,0.9146,0.1024
"Pop25","Train0.25_Test0.75","Test>Train",3,0.9032,0.1176
"Pop25","Train0.25_Test0.75","Test>Train",4,0.9104,0.1096
"Pop25","Train0.25_Test0.75","Test>Train",5,0.939,0.0653333333333333
"Pop25","Train0.25_Test0.50","Equal",1,0.937,0.0876
"Pop25","Train0.25_Test0.50","Equal",2,0.9266,0.1024
"Pop25","Train0.25_Test0.50","Equal",3,0.9442,0.0612
"Pop25","Train0.25_Test0.50","Equal",4,0.9402,0.0824
"Pop25","Train0.25_Test0.50","Equal",5,0.9304,0.1048
"Pop25","Train0.25_Test0.50","Train>Test",1,0.929,0.098
"Pop25","Train0.25_Test0.50","Train>Test",2,0.936,0.074
"Pop25","Train0.25_Test0.50","Train>Test",3,0.932,0.102
"Pop25","Train0.25_Test0.50","Train>Test",4,0.945,0.078
"Pop25","Train0.25_Test0.50","Train>Test",5,0.929,0.092
"Pop25","Train0.25_Test0.50","Test>Train",1,0.9238,0.1252
"Pop25","Train0.25_Test0.50","Test>Train",2,0.9432,0.0612
"Pop25","Train0.25_Test0.50","Test>Train",3,0.9364,0.09
"Pop25","Train0.25_Test0.50","Test>Train",4,0.9132,0.1492
"Pop25","Train0.25_Test0.50","Test>Train",5,0.9456,0.068
"Pop25","Train0.25_Test0.25","Equal",1,0.9492,0.0848
"Pop25","Train0.25_Test0.25","Equal",2,0.9488,0.0904
"Pop25","Train0.25_Test0.25","Equal",3,0.952,0.1048
"Pop25","Train0.25_Test0.25","Equal",4,0.9528,0.0816
"Pop25","Train0.25_Test0.25","Equal",5,0.946,0.0816
"Pop25","Train0.25_Test0.25","Train>Test",1,0.949,0.084
"Pop25","Train0.25_Test0.25","Train>Test",2,0.942,0.08
"Pop25","Train0.25_Test0.25","Train>Test",3,0.937,0.112
"Pop25","Train0.25_Test0.25","Train>Test",4,0.949,0.096
"Pop25","Train0.25_Test0.25","Train>Test",5,0.953,0.064
"Pop25","Train0.25_Test0.25","Test>Train",1,0.9508,0.1176
"Pop25","Train0.25_Test0.25","Test>Train",2,0.941,0.0448
"Pop25","Train0.25_Test0.25","Test>Train",3,0.9478,0.1072
"Pop25","Train0.25_Test0.25","Test>Train",4,0.9508,0.0864
"Pop25","Train0.25_Test0.25","Test>Train",5,0.9484,0.0704
"Pop50","Train0.50_Test0.75","Equal",1,0.9392,0.0693333333333333
"Pop50","Train0.50_Test0.75","Equal",2,0.9386,0.0688
"Pop50","Train0.50_Test0.75","Equal",3,0.9336,0.076
"Pop50","Train0.50_Test0.75","Equal",4,0.9402,0.0642666666666667
"Pop50","Train0.50_Test0.75","Equal",5,0.9406,0.064
"Pop50","Train0.50_Test0.75","Train>Test",1,0.941,0.0666666666666667
"Pop50","Train0.50_Test0.75","Train>Test",2,0.948,0.044
"Pop50","Train0.50_Test0.75","Train>Test",3,0.943,0.06
"Pop50","Train0.50_Test0.75","Train>Test",4,0.929,0.0773333333333333
"Pop50","Train0.50_Test0.75","Train>Test",5,0.937,0.0773333333333333
"Pop50","Train0.50_Test0.75","Test>Train",1,0.9306,0.0797333333333333
"Pop50","Train0.50_Test0.75","Test>Train",2,0.9192,0.0976
"Pop50","Train0.50_Test0.75","Test>Train",3,0.9398,0.0666666666666667
"Pop50","Train0.50_Test0.75","Test>Train",4,0.946,0.0541333333333333
"Pop50","Train0.50_Test0.75","Test>Train",5,0.9314,0.08
"Pop50","Train0.50_Test0.50","Equal",1,0.947,0.0704
"Pop50","Train0.50_Test0.50","Equal",2,0.9444,0.07
"Pop50","Train0.50_Test0.50","Equal",3,0.9444,0.0752
"Pop50","Train0.50_Test0.50","Equal",4,0.9442,0.0672
"Pop50","Train0.50_Test0.50","Equal",5,0.9456,0.0628
"Pop50","Train0.50_Test0.50","Train>Test",1,0.944,0.076
"Pop50","Train0.50_Test0.50","Train>Test",2,0.942,0.052
"Pop50","Train0.50_Test0.50","Train>Test",3,0.946,0.064
"Pop50","Train0.50_Test0.50","Train>Test",4,0.937,0.076
"Pop50","Train0.50_Test0.50","Train>Test",5,0.94,0.088
"Pop50","Train0.50_Test0.50","Test>Train",1,0.942,0.082
"Pop50","Train0.50_Test0.50","Test>Train",2,0.9392,0.086
"Pop50","Train0.50_Test0.50","Test>Train",3,0.9458,0.0648
"Pop50","Train0.50_Test0.50","Test>Train",4,0.9454,0.0516
"Pop50","Train0.50_Test0.50","Test>Train",5,0.945,0.0728
"Pop50","Train0.50_Test0.25","Equal",1,0.9524,0.0768
"Pop50","Train0.50_Test0.25","Equal",2,0.9496,0.0744
"Pop50","Train0.50_Test0.25","Equal",3,0.9554,0.0776
"Pop50","Train0.50_Test0.25","Equal",4,0.9514,0.0648
"Pop50","Train0.50_Test0.25","Equal",5,0.947,0.0696
"Pop50","Train0.50_Test0.25","Train>Test",1,0.95,0.076
"Pop50","Train0.50_Test0.25","Train>Test",2,0.94,0.032
"Pop50","Train0.50_Test0.25","Train>Test",3,0.953,0.056
"Pop50","Train0.50_Test0.25","Train>Test",4,0.946,0.06
"Pop50","Train0.50_Test0.25","Train>Test",5,0.95,0.096
"Pop50","Train0.50_Test0.25","Test>Train",1,0.9548,0.0816
"Pop50","Train0.50_Test0.25","Test>Train",2,0.9558,0.0896
"Pop50","Train0.50_Test0.25","Test>Train",3,0.9534,0.0576
"Pop50","Train0.50_Test0.25","Test>Train",4,0.95,0.044
"Pop50","Train0.50_Test0.25","Test>Train",5,0.9556,0.0728
"Pop75","Train0.75_Test0.75","Equal",1,0.9502,0.0317333333333333
"Pop75","Train0.75_Test0.75","Equal",2,0.9496,0.0349333333333333
"Pop75","Train0.75_Test0.75","Equal",3,0.953,0.0365333333333333
"Pop75","Train0.75_Test0.75","Equal",4,0.9518,0.0368
"Pop75","Train0.75_Test0.75","Equal",5,0.9434,0.0448
"Pop75","Train0.75_Test0.75","Train>Test",1,0.955,0.032
"Pop75","Train0.75_Test0.75","Train>Test",2,0.946,0.028
"Pop75","Train0.75_Test0.75","Train>Test",3,0.951,0.0386666666666667
"Pop75","Train0.75_Test0.75","Train>Test",4,0.959,0.0266666666666667
"Pop75","Train0.75_Test0.75","Train>Test",5,0.947,0.0613333333333333
"Pop75","Train0.75_Test0.75","Test>Train",1,0.9414,0.0410666666666667
"Pop75","Train0.75_Test0.75","Test>Train",2,0.9498,0.0261333333333333
"Pop75","Train0.75_Test0.75","Test>Train",3,0.9434,0.0181333333333333
"Pop75","Train0.75_Test0.75","Test>Train",4,0.944,0.0314666666666667
"Pop75","Train0.75_Test0.75","Test>Train",5,0.9506,0.0256
"Pop75","Train0.75_Test0.50","Equal",1,0.9354,0.03
"Pop75","Train0.75_Test0.50","Equal",2,0.9316,0.0452
"Pop75","Train0.75_Test0.50","Equal",3,0.9354,0.0364
"Pop75","Train0.75_Test0.50","Equal",4,0.9408,0.0456
"Pop75","Train0.75_Test0.50","Equal",5,0.9332,0.0416
"Pop75","Train0.75_Test0.50","Train>Test",1,0.927,0.036
"Pop75","Train0.75_Test0.50","Train>Test",2,0.917,0.036
"Pop75","Train0.75_Test0.50","Train>Test",3,0.928,0.042
"Pop75","Train0.75_Test0.50","Train>Test",4,0.918,0.044
"Pop75","Train0.75_Test0.50","Train>Test",5,0.942,0.036
"Pop75","Train0.75_Test0.50","Test>Train",1,0.9336,0.0392
"Pop75","Train0.75_Test0.50","Test>Train",2,0.932,0.036
"Pop75","Train0.75_Test0.50","Test>Train",3,0.9322,0.0272
"Pop75","Train0.75_Test0.50","Test>Train",4,0.934,0.0368
"Pop75","Train0.75_Test0.50","Test>Train",5,0.9314,0.0464
"Pop75","Train0.75_Test0.25","Equal",1,0.9182,0.0288
"Pop75","Train0.75_Test0.25","Equal",2,0.9272,0.044
"Pop75","Train0.75_Test0.25","Equal",3,0.9084,0.0328
"Pop75","Train0.75_Test0.25","Equal",4,0.9324,0.0496
"Pop75","Train0.75_Test0.25","Equal",5,0.9038,0.0296
"Pop75","Train0.75_Test0.25","Train>Test",1,0.909,0.044
"Pop75","Train0.75_Test0.25","Train>Test",2,0.923,0.016
"Pop75","Train0.75_Test0.25","Train>Test",3,0.92,0.04
"Pop75","Train0.75_Test0.25","Train>Test",4,0.935,0.032
"Pop75","Train0.75_Test0.25","Train>Test",5,0.92,0.036
"Pop75","Train0.75_Test0.25","Test>Train",1,0.9136,0.04
"Pop75","Train0.75_Test0.25","Test>Train",2,0.9374,0.032
"Pop75","Train0.75_Test0.25","Test>Train",3,0.8918,0.0192
"Pop75","Train0.75_Test0.25","Test>Train",4,0.9136,0.0336
"Pop75","Train0.75_Test0.25","Test>Train",5,0.9038,0.0256
