"Population","Case","Size","Replicate","Accuracy","FNR"
"Pop25","Train0.25_Test0.75","Equal",1,0.9098,0.108266666666667
"Pop25","Train0.25_Test0.75","Equal",2,0.9136,0.1032
"Pop25","Train0.25_Test0.75","Equal",3,0.9228,0.0922666666666667
"Pop25","Train0.25_Test0.75","Equal",4,0.9104,0.103733333333333
"Pop25","Train0.25_Test0.75","Equal",5,0.9224,0.0922666666666667
"Pop25","Train0.25_Test0.75","Train>Test",1,0.902,0.117333333333333
"Pop25","Train0.25_Test0.75","Train>Test",2,0.917,0.0853333333333333
"Pop25","Train0.25_Test0.75","Train>Test",3,0.913,0.1
"Pop25","Train0.25_Test0.75","Train>Test",4,0.921,0.0946666666666667
"Pop25","Train0.25_Test0.75","Train>Test",5,0.909,0.108
"Pop25","Train0.25_Test0.75","Test>Train",1,0.9042,0.118133333333333
"Pop25","Train0.25_Test0.75","Test>Train",2,0.9108,0.108266666666667
"Pop25","Train0.25_Test0.75","Test>Train",3,0.9122,0.103733333333333
"Pop25","Train0.25_Test0.75","Test>Train",4,0.891,0.138933333333333
"Pop25","Train0.25_Test0.75","Test>Train",5,0.9186,0.0973333333333333
"Pop25","Train0.25_Test0.50","Equal",1,0.929,0.1116
"Pop25","Train0.25_Test0.50","Equal",2,0.9264,0.1108
"Pop25","Train0.25_Test0.50","Equal",3,0.931,0.1068
"Pop25","Train0.25_Test0.50","Equal",4,0.9352,0.0964
"Pop25","Train0.25_Test0.50","Equal",5,0.9312,0.098
"Pop25","Train0.25_Test0.50","Train>Test",1,0.924,0.12
"Pop25","Train0.25_Test0.50","Train>Test",2,0.939,0.09
"Pop25","Train0.25_Test0.50","Train>Test",3,0.93,0.118
"Pop25","Train0.25_Test0.50","Train>Test",4,0.94,0.08
"Pop25","Train0.25_Test0.50","Train>Test",5,0.93,0.112
"Pop25","Train0.25_Test0.50","Test>Train",1,0.9248,0.1196
"Pop25","Train0.25_Test0.50","Test>Train",2,0.9304,0.0992
"Pop25","Train0.25_Test0.50","Test>Train",3,0.9382,0.0884
"Pop25","Train0.25_Test0.50","Test>Train",4,0.9356,0.1004
"Pop25","Train0.25_Test0.50","Test>Train",5,0.9414,0.0784
"Pop25","Train0.25_Test0.25","Equal",1,0.9504,0.104
"Pop25","Train0.25_Test0.25","Equal",2,0.9514,0.1
"Pop25","Train0.25_Test0.25","Equal",3,0.95,0.0856
"Pop25","Train0.25_Test0.25","Equal",4,0.9504,0.0984
"Pop25","Train0.25_Test0.25","Equal",5,0.9454,0.1024
"Pop25","Train0.25_Test0.25","Train>Test",1,0.948,0.108
"Pop25","Train0.25_Test0.25","Train>Test",2,0.945,0.104
"Pop25","Train0.25_Test0.25","Train>Test",3,0.946,0.104
"Pop25","Train0.25_Test0.25","Train>Test",4,0.939,0.148
"Pop25","Train0.25_Test0.25","Train>Test",5,0.938,0.1
"Pop25","Train0.25_Test0.25","Test>Train",1,0.95,0.1104
"Pop25","Train0.25_Test0.25","Test>Train",2,0.947,0.0816
"Pop25","Train0.25_Test0.25","Test>Train",3,0.9478,0.1088
"Pop25","Train0.25_Test0.25","Test>Train",4,0.952,0.1016
"Pop25","Train0.25_Test0.25","Test>Train",5,0.9502,0.0704
"Pop50","Train0.50_Test0.75","Equal",1,0.9522,0.0464
"Pop50","Train0.50_Test0.75","Equal",2,0.942,0.0637333333333333
"Pop50","Train0.50_Test0.75","Equal",3,0.9424,0.0605333333333333
"Pop50","Train0.50_Test0.75","Equal",4,0.945,0.0549333333333333
"Pop50","Train0.50_Test0.75","Equal",5,0.9468,0.0533333333333333
"Pop50","Train0.50_Test0.75","Train>Test",1,0.962,0.0346666666666667
"Pop50","Train0.50_Test0.75","Train>Test",2,0.94,0.0586666666666667
"Pop50","Train0.50_Test0.75","Train>Test",3,0.941,0.064
"Pop50","Train0.50_Test0.75","Train>Test",4,0.937,0.064
"Pop50","Train0.50_Test0.75","Train>Test",5,0.938,0.0733333333333333
"Pop50","Train0.50_Test0.75","Test>Train",1,0.9436,0.0552
"Pop50","Train0.50_Test0.75","Test>Train",2,0.9446,0.0576
"Pop50","Train0.50_Test0.75","Test>Train",3,0.9394,0.0661333333333333
"Pop50","Train0.50_Test0.75","Test>Train",4,0.9464,0.0536
"Pop50","Train0.50_Test0.75","Test>Train",5,0.9394,0.0658666666666667
"Pop50","Train0.50_Test0.50","Equal",1,0.9492,0.048
"Pop50","Train0.50_Test0.50","Equal",2,0.9444,0.0672
"Pop50","Train0.50_Test0.50","Equal",3,0.9442,0.0608
"Pop50","Train0.50_Test0.50","Equal",4,0.9442,0.058
"Pop50","Train0.50_Test0.50","Equal",5,0.9472,0.0524
"Pop50","Train0.50_Test0.50","Train>Test",1,0.956,0.04
"Pop50","Train0.50_Test0.50","Train>Test",2,0.942,0.062
"Pop50","Train0.50_Test0.50","Train>Test",3,0.947,0.066
"Pop50","Train0.50_Test0.50","Train>Test",4,0.945,0.052
"Pop50","Train0.50_Test0.50","Train>Test",5,0.942,0.072
"Pop50","Train0.50_Test0.50","Test>Train",1,0.9416,0.0564
"Pop50","Train0.50_Test0.50","Test>Train",2,0.9468,0.054
"Pop50","Train0.50_Test0.50","Test>Train",3,0.9442,0.0652
"Pop50","Train0.50_Test0.50","Test>Train",4,0.9448,0.0476
"Pop50","Train0.50_Test0.50","Test>Train",5,0.9436,0.0648
"Pop50","Train0.50_Test0.25","Equal",1,0.9464,0.048
"Pop50","Train0.50_Test0.25","Equal",2,0.9474,0.0704
"Pop50","Train0.50_Test0.25","Equal",3,0.9482,0.0616
"Pop50","Train0.50_Test0.25","Equal",4,0.9464,0.0576
"Pop50","Train0.50_Test0.25","Equal",5,0.9452,0.0568
"Pop50","Train0.50_Test0.25","Train>Test",1,0.946,0.04
"Pop50","Train0.50_Test0.25","Train>Test",2,0.94,0.056
"Pop50","Train0.50_Test0.25","Train>Test",3,0.951,0.056
"Pop50","Train0.50_Test0.25","Train>Test",4,0.947,0.036
"Pop50","Train0.50_Test0.25","Train>Test",5,0.941,0.084
"Pop50","Train0.50_Test0.25","Test>Train",1,0.9414,0.0624
"Pop50","Train0.50_Test0.25","Test>Train",2,0.951,0.0568
"Pop50","Train0.50_Test0.25","Test>Train",3,0.9512,0.0584
"Pop50","Train0.50_Test0.25","Test>Train",4,0.9442,0.0392
"Pop50","Train0.50_Test0.25","Test>Train",5,0.9502,0.0648
"Pop75","Train0.75_Test0.75","Equal",1,0.9496,0.0328
"Pop75","Train0.75_Test0.75","Equal",2,0.9498,0.0314666666666667
"Pop75","Train0.75_Test0.75","Equal",3,0.9522,0.0317333333333333
"Pop75","Train0.75_Test0.75","Equal",4,0.9508,0.0296
"Pop75","Train0.75_Test0.75","Equal",5,0.9424,0.0376
"Pop75","Train0.75_Test0.75","Train>Test",1,0.954,0.0333333333333333
"Pop75","Train0.75_Test0.75","Train>Test",2,0.94,0.0386666666666667
"Pop75","Train0.75_Test0.75","Train>Test",3,0.946,0.0333333333333333
"Pop75","Train0.75_Test0.75","Train>Test",4,0.936,0.0506666666666667
"Pop75","Train0.75_Test0.75","Train>Test",5,0.96,0.02
"Pop75","Train0.75_Test0.75","Test>Train",1,0.9416,0.0378666666666667
"Pop75","Train0.75_Test0.75","Test>Train",2,0.944,0.0338666666666667
"Pop75","Train0.75_Test0.75","Test>Train",3,0.946,0.0306666666666667
"Pop75","Train0.75_Test0.75","Test>Train",4,0.9456,0.0394666666666667
"Pop75","Train0.75_Test0.75","Test>Train",5,0.9492,0.0368
"Pop75","Train0.75_Test0.50","Equal",1,0.9354,0.0312
"Pop75","Train0.75_Test0.50","Equal",2,0.928,0.03
"Pop75","Train0.75_Test0.50","Equal",3,0.9324,0.038
"Pop75","Train0.75_Test0.50","Equal",4,0.9314,0.0336
"Pop75","Train0.75_Test0.50","Equal",5,0.929,0.0344
"Pop75","Train0.75_Test0.50","Train>Test",1,0.927,0.038
"Pop75","Train0.75_Test0.50","Train>Test",2,0.927,0.03
"Pop75","Train0.75_Test0.50","Train>Test",3,0.927,0.04
"Pop75","Train0.75_Test0.50","Train>Test",4,0.937,0.05
"Pop75","Train0.75_Test0.50","Train>Test",5,0.926,0.028
"Pop75","Train0.75_Test0.50","Test>Train",1,0.9328,0.0368
"Pop75","Train0.75_Test0.50","Test>Train",2,0.9234,0.0332
"Pop75","Train0.75_Test0.50","Test>Train",3,0.9308,0.04
"Pop75","Train0.75_Test0.50","Test>Train",4,0.9362,0.0356
"Pop75","Train0.75_Test0.50","Test>Train",5,0.9298,0.046
"Pop75","Train0.75_Test0.25","Equal",1,0.92,0.0296
"Pop75","Train0.75_Test0.25","Equal",2,0.9128,0.0328
"Pop75","Train0.75_Test0.25","Equal",3,0.9102,0.0336
"Pop75","Train0.75_Test0.25","Equal",4,0.9142,0.0376
"Pop75","Train0.75_Test0.25","Equal",5,0.9168,0.0368
"Pop75","Train0.75_Test0.25","Train>Test",1,0.911,0.048
"Pop75","Train0.75_Test0.25","Train>Test",2,0.926,0.028
"Pop75","Train0.75_Test0.25","Train>Test",3,0.919,0.048
"Pop75","Train0.75_Test0.25","Train>Test",4,0.916,0.028
"Pop75","Train0.75_Test0.25","Train>Test",5,0.905,0.024
"Pop75","Train0.75_Test0.25","Test>Train",1,0.9096,0.0384
"Pop75","Train0.75_Test0.25","Test>Train",2,0.9096,0.0328
"Pop75","Train0.75_Test0.25","Test>Train",3,0.9056,0.0368
"Pop75","Train0.75_Test0.25","Test>Train",4,0.9108,0.0328
"Pop75","Train0.75_Test0.25","Test>Train",5,0.9146,0.0272
