"Population","Case","Size","Replicate","Accuracy","FNR"
"Pop25","Train0.25_Test0.75","Equal",1,0.9302,0.0778666666666667
"Pop25","Train0.25_Test0.75","Equal",2,0.909,0.1088
"Pop25","Train0.25_Test0.75","Equal",3,0.9196,0.0965333333333333
"Pop25","Train0.25_Test0.75","Equal",4,0.9334,0.0762666666666667
"Pop25","Train0.25_Test0.75","Equal",5,0.9258,0.0842666666666667
"Pop25","Train0.25_Test0.75","Train>Test",1,0.886,0.142666666666667
"Pop25","Train0.25_Test0.75","Train>Test",2,0.924,0.0706666666666667
"Pop25","Train0.25_Test0.75","Train>Test",3,0.944,0.0626666666666667
"Pop25","Train0.25_Test0.75","Train>Test",4,0.921,0.092
"Pop25","Train0.25_Test0.75","Train>Test",5,0.853,0.184
"Pop25","Train0.25_Test0.75","Test>Train",1,0.87,0.168
"Pop25","Train0.25_Test0.75","Test>Train",2,0.935,0.0741333333333333
"Pop25","Train0.25_Test0.75","Test>Train",3,0.8898,0.138666666666667
"Pop25","Train0.25_Test0.75","Test>Train",4,0.9522,0.0448
"Pop25","Train0.25_Test0.75","Test>Train",5,0.9124,0.107466666666667
"Pop25","Train0.25_Test0.50","Equal",1,0.9374,0.0864
"Pop25","Train0.25_Test0.50","Equal",2,0.93,0.1032
"Pop25","Train0.25_Test0.50","Equal",3,0.9344,0.0916
"Pop25","Train0.25_Test0.50","Equal",4,0.946,0.06
"Pop25","Train0.25_Test0.50","Equal",5,0.9376,0.0896
"Pop25","Train0.25_Test0.50","Train>Test",1,0.926,0.124
"Pop25","Train0.25_Test0.50","Train>Test",2,0.926,0.092
"Pop25","Train0.25_Test0.50","Train>Test",3,0.944,0.056
"Pop25","Train0.25_Test0.50","Train>Test",4,0.939,0.078
"Pop25","Train0.25_Test0.50","Train>Test",5,0.932,0.114
"Pop25","Train0.25_Test0.50","Test>Train",1,0.9284,0.1092
"Pop25","Train0.25_Test0.50","Test>Train",2,0.8864,0.2088
"Pop25","Train0.25_Test0.50","Test>Train",3,0.9266,0.1044
"Pop25","Train0.25_Test0.50","Test>Train",4,0.9412,0.0572
"Pop25","Train0.25_Test0.50","Test>Train",5,0.9314,0.1056
"Pop25","Train0.25_Test0.25","Equal",1,0.9504,0.096
"Pop25","Train0.25_Test0.25","Equal",2,0.954,0.064
"Pop25","Train0.25_Test0.25","Equal",3,0.9472,0.096
"Pop25","Train0.25_Test0.25","Equal",4,0.9446,0.0768
"Pop25","Train0.25_Test0.25","Equal",5,0.9388,0.0648
"Pop25","Train0.25_Test0.25","Train>Test",1,0.948,0.108
"Pop25","Train0.25_Test0.25","Train>Test",2,0.959,0.076
"Pop25","Train0.25_Test0.25","Train>Test",3,0.95,0.148
"Pop25","Train0.25_Test0.25","Train>Test",4,0.944,0.08
"Pop25","Train0.25_Test0.25","Train>Test",5,0.953,0.068
"Pop25","Train0.25_Test0.25","Test>Train",1,0.9504,0.128
"Pop25","Train0.25_Test0.25","Test>Train",2,0.9532,0.0568
"Pop25","Train0.25_Test0.25","Test>Train",3,0.9442,0.1112
"Pop25","Train0.25_Test0.25","Test>Train",4,0.9522,0.0704
"Pop25","Train0.25_Test0.25","Test>Train",5,0.944,0.1584
"Pop50","Train0.50_Test0.75","Equal",1,0.9514,0.0477333333333333
"Pop50","Train0.50_Test0.75","Equal",2,0.9414,0.0557333333333333
"Pop50","Train0.50_Test0.75","Equal",3,0.9502,0.0469333333333333
"Pop50","Train0.50_Test0.75","Equal",4,0.9432,0.0642666666666667
"Pop50","Train0.50_Test0.75","Equal",5,0.937,0.0674666666666667
"Pop50","Train0.50_Test0.75","Train>Test",1,0.95,0.0546666666666667
"Pop50","Train0.50_Test0.75","Train>Test",2,0.946,0.0466666666666667
"Pop50","Train0.50_Test0.75","Train>Test",3,0.945,0.0413333333333333
"Pop50","Train0.50_Test0.75","Train>Test",4,0.959,0.036
"Pop50","Train0.50_Test0.75","Train>Test",5,0.958,0.0306666666666667
"Pop50","Train0.50_Test0.75","Test>Train",1,0.9354,0.0725333333333333
"Pop50","Train0.50_Test0.75","Test>Train",2,0.9484,0.0458666666666667
"Pop50","Train0.50_Test0.75","Test>Train",3,0.9454,0.0581333333333333
"Pop50","Train0.50_Test0.75","Test>Train",4,0.9408,0.0578666666666667
"Pop50","Train0.50_Test0.75","Test>Train",5,0.9424,0.0608
"Pop50","Train0.50_Test0.50","Equal",1,0.9502,0.0356
"Pop50","Train0.50_Test0.50","Equal",2,0.9436,0.0564
"Pop50","Train0.50_Test0.50","Equal",3,0.9476,0.0552
"Pop50","Train0.50_Test0.50","Equal",4,0.9502,0.032
"Pop50","Train0.50_Test0.50","Equal",5,0.9454,0.0532
"Pop50","Train0.50_Test0.50","Train>Test",1,0.949,0.064
"Pop50","Train0.50_Test0.50","Train>Test",2,0.948,0.04
"Pop50","Train0.50_Test0.50","Train>Test",3,0.937,0.04
"Pop50","Train0.50_Test0.50","Train>Test",4,0.951,0.07
"Pop50","Train0.50_Test0.50","Train>Test",5,0.945,0.012
"Pop50","Train0.50_Test0.50","Test>Train",1,0.942,0.0832
"Pop50","Train0.50_Test0.50","Test>Train",2,0.946,0.0524
"Pop50","Train0.50_Test0.50","Test>Train",3,0.9466,0.06
"Pop50","Train0.50_Test0.50","Test>Train",4,0.9468,0.048
"Pop50","Train0.50_Test0.50","Test>Train",5,0.9478,0.0644
"Pop50","Train0.50_Test0.25","Equal",1,0.9554,0.0904
"Pop50","Train0.50_Test0.25","Equal",2,0.9442,0.0488
"Pop50","Train0.50_Test0.25","Equal",3,0.9552,0.0728
"Pop50","Train0.50_Test0.25","Equal",4,0.9548,0.0488
"Pop50","Train0.50_Test0.25","Equal",5,0.95,0.056
"Pop50","Train0.50_Test0.25","Train>Test",1,0.95,0.068
"Pop50","Train0.50_Test0.25","Train>Test",2,0.953,0.064
"Pop50","Train0.50_Test0.25","Train>Test",3,0.929,0.036
"Pop50","Train0.50_Test0.25","Train>Test",4,0.941,0.056
"Pop50","Train0.50_Test0.25","Train>Test",5,0.951,0.032
"Pop50","Train0.50_Test0.25","Test>Train",1,0.948,0.068
"Pop50","Train0.50_Test0.25","Test>Train",2,0.9524,0.0568
"Pop50","Train0.50_Test0.25","Test>Train",3,0.9498,0.0512
"Pop50","Train0.50_Test0.25","Test>Train",4,0.9502,0.0528
"Pop50","Train0.50_Test0.25","Test>Train",5,0.9394,0.0464
"Pop75","Train0.75_Test0.75","Equal",1,0.9496,0.0330666666666667
"Pop75","Train0.75_Test0.75","Equal",2,0.9486,0.0344
"Pop75","Train0.75_Test0.75","Equal",3,0.9416,0.0589333333333333
"Pop75","Train0.75_Test0.75","Equal",4,0.9508,0.0325333333333333
"Pop75","Train0.75_Test0.75","Equal",5,0.943,0.0341333333333333
"Pop75","Train0.75_Test0.75","Train>Test",1,0.955,0.0333333333333333
"Pop75","Train0.75_Test0.75","Train>Test",2,0.927,0.004
"Pop75","Train0.75_Test0.75","Train>Test",3,0.95,0.024
"Pop75","Train0.75_Test0.75","Train>Test",4,0.926,0.008
"Pop75","Train0.75_Test0.75","Train>Test",5,0.932,0.0226666666666667
"Pop75","Train0.75_Test0.75","Test>Train",1,0.939,0.0578666666666667
"Pop75","Train0.75_Test0.75","Test>Train",2,0.9462,0.0213333333333333
"Pop75","Train0.75_Test0.75","Test>Train",3,0.9414,0.0490666666666667
"Pop75","Train0.75_Test0.75","Test>Train",4,0.9506,0.0402666666666667
"Pop75","Train0.75_Test0.75","Test>Train",5,0.9492,0.0442666666666667
"Pop75","Train0.75_Test0.50","Equal",1,0.9346,0.03
"Pop75","Train0.75_Test0.50","Equal",2,0.924,0.0408
"Pop75","Train0.75_Test0.50","Equal",3,0.9456,0.0712
"Pop75","Train0.75_Test0.50","Equal",4,0.9084,0.0248
"Pop75","Train0.75_Test0.50","Equal",5,0.9292,0.0324
"Pop75","Train0.75_Test0.50","Train>Test",1,0.925,0.03
"Pop75","Train0.75_Test0.50","Train>Test",2,0.939,0.044
"Pop75","Train0.75_Test0.50","Train>Test",3,0.929,0.016
"Pop75","Train0.75_Test0.50","Train>Test",4,0.941,0.046
"Pop75","Train0.75_Test0.50","Train>Test",5,0.902,0.018
"Pop75","Train0.75_Test0.50","Test>Train",1,0.9376,0.0484
"Pop75","Train0.75_Test0.50","Test>Train",2,0.9234,0.0296
"Pop75","Train0.75_Test0.50","Test>Train",3,0.944,0.0312
"Pop75","Train0.75_Test0.50","Test>Train",4,0.9384,0.058
"Pop75","Train0.75_Test0.50","Test>Train",5,0.9136,0.0232
"Pop75","Train0.75_Test0.25","Equal",1,0.9426,0.0384
"Pop75","Train0.75_Test0.25","Equal",2,0.935,0.0696
"Pop75","Train0.75_Test0.25","Equal",3,0.912,0.0368
"Pop75","Train0.75_Test0.25","Equal",4,0.9046,0.0408
"Pop75","Train0.75_Test0.25","Equal",5,0.892,0.016
"Pop75","Train0.75_Test0.25","Train>Test",1,0.898,0.028
"Pop75","Train0.75_Test0.25","Train>Test",2,0.948,0.04
"Pop75","Train0.75_Test0.25","Train>Test",3,0.911,0.024
"Pop75","Train0.75_Test0.25","Train>Test",4,0.9,0.016
"Pop75","Train0.75_Test0.25","Train>Test",5,0.935,0.068
"Pop75","Train0.75_Test0.25","Test>Train",1,0.9018,0.0344
"Pop75","Train0.75_Test0.25","Test>Train",2,0.8566,0.0192
"Pop75","Train0.75_Test0.25","Test>Train",3,0.9428,0.0592
"Pop75","Train0.75_Test0.25","Test>Train",4,0.896,0.036
"Pop75","Train0.75_Test0.25","Test>Train",5,0.914,0.0304
