"Population","Case","Size","Replicate","Accuracy","FNR"
"Pop25","Train0.25_Test0.75","Equal",1,0.9254,0.0848
"Pop25","Train0.25_Test0.75","Equal",2,0.9324,0.0736
"Pop25","Train0.25_Test0.75","Equal",3,0.9412,0.0650666666666667
"Pop25","Train0.25_Test0.75","Equal",4,0.9236,0.0829333333333333
"Pop25","Train0.25_Test0.75","Equal",5,0.9386,0.0674666666666667
"Pop25","Train0.25_Test0.75","Train>Test",1,0.915,0.096
"Pop25","Train0.25_Test0.75","Train>Test",2,0.928,0.0693333333333333
"Pop25","Train0.25_Test0.75","Train>Test",3,0.923,0.0813333333333333
"Pop25","Train0.25_Test0.75","Train>Test",4,0.943,0.0626666666666667
"Pop25","Train0.25_Test0.75","Train>Test",5,0.922,0.088
"Pop25","Train0.25_Test0.75","Test>Train",1,0.924,0.088
"Pop25","Train0.25_Test0.75","Test>Train",2,0.9206,0.0941333333333333
"Pop25","Train0.25_Test0.75","Test>Train",3,0.9322,0.0730666666666667
"Pop25","Train0.25_Test0.75","Test>Train",4,0.9138,0.105066666666667
"Pop25","Train0.25_Test0.75","Test>Train",5,0.9308,0.0781333333333333
"Pop25","Train0.25_Test0.50","Equal",1,0.9368,0.0876
"Pop25","Train0.25_Test0.50","Equal",2,0.9372,0.0764
"Pop25","Train0.25_Test0.50","Equal",3,0.9412,0.0776
"Pop25","Train0.25_Test0.50","Equal",4,0.9424,0.0736
"Pop25","Train0.25_Test0.50","Equal",5,0.9394,0.0736
"Pop25","Train0.25_Test0.50","Train>Test",1,0.929,0.098
"Pop25","Train0.25_Test0.50","Train>Test",2,0.939,0.08
"Pop25","Train0.25_Test0.50","Train>Test",3,0.935,0.092
"Pop25","Train0.25_Test0.50","Train>Test",4,0.945,0.064
"Pop25","Train0.25_Test0.50","Train>Test",5,0.939,0.086
"Pop25","Train0.25_Test0.50","Test>Train",1,0.9328,0.0892
"Pop25","Train0.25_Test0.50","Test>Train",2,0.9396,0.0724
"Pop25","Train0.25_Test0.50","Test>Train",3,0.9414,0.0596
"Pop25","Train0.25_Test0.50","Test>Train",4,0.9402,0.0836
"Pop25","Train0.25_Test0.50","Test>Train",5,0.9452,0.0576
"Pop25","Train0.25_Test0.25","Equal",1,0.9492,0.0848
"Pop25","Train0.25_Test0.25","Equal",2,0.9488,0.0712
"Pop25","Train0.25_Test0.25","Equal",3,0.9478,0.0632
"Pop25","Train0.25_Test0.25","Equal",4,0.9504,0.0688
"Pop25","Train0.25_Test0.25","Equal",5,0.9444,0.0816
"Pop25","Train0.25_Test0.25","Train>Test",1,0.949,0.084
"Pop25","Train0.25_Test0.25","Train>Test",2,0.94,0.092
"Pop25","Train0.25_Test0.25","Train>Test",3,0.943,0.08
"Pop25","Train0.25_Test0.25","Train>Test",4,0.935,0.116
"Pop25","Train0.25_Test0.25","Train>Test",5,0.937,0.064
"Pop25","Train0.25_Test0.25","Test>Train",1,0.9482,0.0824
"Pop25","Train0.25_Test0.25","Test>Train",2,0.944,0.0584
"Pop25","Train0.25_Test0.25","Test>Train",3,0.947,0.0808
"Pop25","Train0.25_Test0.25","Test>Train",4,0.949,0.0752
"Pop25","Train0.25_Test0.25","Test>Train",5,0.9416,0.0608
"Pop50","Train0.50_Test0.75","Equal",1,0.9514,0.0477333333333333
"Pop50","Train0.50_Test0.75","Equal",2,0.9414,0.0650666666666667
"Pop50","Train0.50_Test0.75","Equal",3,0.9418,0.0616
"Pop50","Train0.50_Test0.75","Equal",4,0.9452,0.0525333333333333
"Pop50","Train0.50_Test0.75","Equal",5,0.9466,0.0538666666666667
"Pop50","Train0.50_Test0.75","Train>Test",1,0.961,0.036
"Pop50","Train0.50_Test0.75","Train>Test",2,0.94,0.0613333333333333
"Pop50","Train0.50_Test0.75","Train>Test",3,0.941,0.064
"Pop50","Train0.50_Test0.75","Train>Test",4,0.935,0.0666666666666667
"Pop50","Train0.50_Test0.75","Train>Test",5,0.938,0.0733333333333333
"Pop50","Train0.50_Test0.75","Test>Train",1,0.944,0.0544
"Pop50","Train0.50_Test0.75","Test>Train",2,0.9454,0.0565333333333333
"Pop50","Train0.50_Test0.75","Test>Train",3,0.9374,0.0706666666666667
"Pop50","Train0.50_Test0.75","Test>Train",4,0.946,0.0541333333333333
"Pop50","Train0.50_Test0.75","Test>Train",5,0.9418,0.0616
"Pop50","Train0.50_Test0.50","Equal",1,0.949,0.05
"Pop50","Train0.50_Test0.50","Equal",2,0.9448,0.068
"Pop50","Train0.50_Test0.50","Equal",3,0.9442,0.0616
"Pop50","Train0.50_Test0.50","Equal",4,0.9434,0.0552
"Pop50","Train0.50_Test0.50","Equal",5,0.947,0.0532
"Pop50","Train0.50_Test0.50","Train>Test",1,0.955,0.042
"Pop50","Train0.50_Test0.50","Train>Test",2,0.942,0.066
"Pop50","Train0.50_Test0.50","Train>Test",3,0.946,0.068
"Pop50","Train0.50_Test0.50","Train>Test",4,0.944,0.054
"Pop50","Train0.50_Test0.50","Train>Test",5,0.942,0.072
"Pop50","Train0.50_Test0.50","Test>Train",1,0.9408,0.056
"Pop50","Train0.50_Test0.50","Test>Train",2,0.9472,0.0532
"Pop50","Train0.50_Test0.50","Test>Train",3,0.9446,0.0684
"Pop50","Train0.50_Test0.50","Test>Train",4,0.946,0.0496
"Pop50","Train0.50_Test0.50","Test>Train",5,0.9442,0.0616
"Pop50","Train0.50_Test0.25","Equal",1,0.9468,0.0504
"Pop50","Train0.50_Test0.25","Equal",2,0.948,0.0728
"Pop50","Train0.50_Test0.25","Equal",3,0.9494,0.0624
"Pop50","Train0.50_Test0.25","Equal",4,0.9446,0.0544
"Pop50","Train0.50_Test0.25","Equal",5,0.9456,0.0576
"Pop50","Train0.50_Test0.25","Train>Test",1,0.946,0.044
"Pop50","Train0.50_Test0.25","Train>Test",2,0.943,0.06
"Pop50","Train0.50_Test0.25","Train>Test",3,0.952,0.056
"Pop50","Train0.50_Test0.25","Train>Test",4,0.947,0.036
"Pop50","Train0.50_Test0.25","Train>Test",5,0.941,0.084
"Pop50","Train0.50_Test0.25","Test>Train",1,0.94,0.0616
"Pop50","Train0.50_Test0.25","Test>Train",2,0.951,0.0568
"Pop50","Train0.50_Test0.25","Test>Train",3,0.9536,0.0616
"Pop50","Train0.50_Test0.25","Test>Train",4,0.9446,0.0416
"Pop50","Train0.50_Test0.25","Test>Train",5,0.9502,0.0616
"Pop75","Train0.75_Test0.75","Equal",1,0.9468,0.0434666666666667
"Pop75","Train0.75_Test0.75","Equal",2,0.9506,0.0389333333333333
"Pop75","Train0.75_Test0.75","Equal",3,0.9532,0.0416
"Pop75","Train0.75_Test0.75","Equal",4,0.9496,0.0397333333333333
"Pop75","Train0.75_Test0.75","Equal",5,0.9428,0.0474666666666667
"Pop75","Train0.75_Test0.75","Train>Test",1,0.958,0.0386666666666667
"Pop75","Train0.75_Test0.75","Train>Test",2,0.947,0.044
"Pop75","Train0.75_Test0.75","Train>Test",3,0.94,0.052
"Pop75","Train0.75_Test0.75","Train>Test",4,0.934,0.068
"Pop75","Train0.75_Test0.75","Train>Test",5,0.961,0.0306666666666667
"Pop75","Train0.75_Test0.75","Test>Train",1,0.94,0.0485333333333333
"Pop75","Train0.75_Test0.75","Test>Train",2,0.9436,0.0408
"Pop75","Train0.75_Test0.75","Test>Train",3,0.9456,0.0456
"Pop75","Train0.75_Test0.75","Test>Train",4,0.9424,0.052
"Pop75","Train0.75_Test0.75","Test>Train",5,0.9504,0.0421333333333333
"Pop75","Train0.75_Test0.50","Equal",1,0.9414,0.042
"Pop75","Train0.75_Test0.50","Equal",2,0.9376,0.0452
"Pop75","Train0.75_Test0.50","Equal",3,0.938,0.0508
"Pop75","Train0.75_Test0.50","Equal",4,0.9424,0.0436
"Pop75","Train0.75_Test0.50","Equal",5,0.9358,0.0448
"Pop75","Train0.75_Test0.50","Train>Test",1,0.934,0.044
"Pop75","Train0.75_Test0.50","Train>Test",2,0.938,0.04
"Pop75","Train0.75_Test0.50","Train>Test",3,0.934,0.056
"Pop75","Train0.75_Test0.50","Train>Test",4,0.942,0.056
"Pop75","Train0.75_Test0.50","Train>Test",5,0.935,0.036
"Pop75","Train0.75_Test0.50","Test>Train",1,0.9364,0.0484
"Pop75","Train0.75_Test0.50","Test>Train",2,0.933,0.0432
"Pop75","Train0.75_Test0.50","Test>Train",3,0.935,0.0436
"Pop75","Train0.75_Test0.50","Test>Train",4,0.9402,0.0444
"Pop75","Train0.75_Test0.50","Test>Train",5,0.9346,0.054
"Pop75","Train0.75_Test0.25","Equal",1,0.9386,0.036
"Pop75","Train0.75_Test0.25","Equal",2,0.9264,0.0448
"Pop75","Train0.75_Test0.25","Equal",3,0.9256,0.0424
"Pop75","Train0.75_Test0.25","Equal",4,0.9278,0.0456
"Pop75","Train0.75_Test0.25","Equal",5,0.931,0.044
"Pop75","Train0.75_Test0.25","Train>Test",1,0.929,0.052
"Pop75","Train0.75_Test0.25","Train>Test",2,0.937,0.04
"Pop75","Train0.75_Test0.25","Train>Test",3,0.934,0.06
"Pop75","Train0.75_Test0.25","Train>Test",4,0.934,0.032
"Pop75","Train0.75_Test0.25","Train>Test",5,0.919,0.028
"Pop75","Train0.75_Test0.25","Test>Train",1,0.9234,0.048
"Pop75","Train0.75_Test0.25","Test>Train",2,0.929,0.044
"Pop75","Train0.75_Test0.25","Test>Train",3,0.9206,0.0432
"Pop75","Train0.75_Test0.25","Test>Train",4,0.929,0.0472
"Pop75","Train0.75_Test0.25","Test>Train",5,0.9332,0.0392
