"Population","Case","Size","Replicate","Model","Accuracy","FNR"
"Pop25","Train0.25_Test0.75","Equal",1,"knn",0.896,0.126133333333333
"Pop25","Train0.25_Test0.75","Equal",1,"rf",0.8814,0.142666666666667
"Pop25","Train0.25_Test0.75","Equal",1,"svmLinear",0.9098,0.108266666666667
"Pop25","Train0.25_Test0.75","Equal",2,"knn",0.9072,0.107733333333333
"Pop25","Train0.25_Test0.75","Equal",2,"rf",0.8964,0.123733333333333
"Pop25","Train0.25_Test0.75","Equal",2,"svmLinear",0.916,0.1008
"Pop25","Train0.25_Test0.75","Equal",3,"knn",0.8894,0.132
"Pop25","Train0.25_Test0.75","Equal",3,"rf",0.8866,0.136266666666667
"Pop25","Train0.25_Test0.75","Equal",3,"svmLinear",0.9108,0.106666666666667
"Pop25","Train0.25_Test0.75","Equal",4,"knn",0.8994,0.124266666666667
"Pop25","Train0.25_Test0.75","Equal",4,"rf",0.8942,0.128
"Pop25","Train0.25_Test0.75","Equal",4,"svmLinear",0.9164,0.101066666666667
"Pop25","Train0.25_Test0.75","Equal",5,"knn",0.907,0.110933333333333
"Pop25","Train0.25_Test0.75","Equal",5,"rf",0.8926,0.129333333333333
"Pop25","Train0.25_Test0.75","Equal",5,"svmLinear",0.918,0.0994666666666667
"Pop25","Train0.25_Test0.75","Train>Test",1,"knn",0.896,0.126666666666667
"Pop25","Train0.25_Test0.75","Train>Test",1,"rf",0.885,0.14
"Pop25","Train0.25_Test0.75","Train>Test",1,"svmLinear",0.902,0.117333333333333
"Pop25","Train0.25_Test0.75","Train>Test",2,"knn",0.887,0.142666666666667
"Pop25","Train0.25_Test0.75","Train>Test",2,"rf",0.878,0.148
"Pop25","Train0.25_Test0.75","Train>Test",2,"svmLinear",0.885,0.145333333333333
"Pop25","Train0.25_Test0.75","Train>Test",3,"knn",0.891,0.133333333333333
"Pop25","Train0.25_Test0.75","Train>Test",3,"rf",0.886,0.138666666666667
"Pop25","Train0.25_Test0.75","Train>Test",3,"svmLinear",0.911,0.108
"Pop25","Train0.25_Test0.75","Train>Test",4,"knn",0.888,0.137333333333333
"Pop25","Train0.25_Test0.75","Train>Test",4,"rf",0.889,0.133333333333333
"Pop25","Train0.25_Test0.75","Train>Test",4,"svmLinear",0.913,0.109333333333333
"Pop25","Train0.25_Test0.75","Train>Test",5,"knn",0.913,0.109333333333333
"Pop25","Train0.25_Test0.75","Train>Test",5,"rf",0.889,0.136
"Pop25","Train0.25_Test0.75","Train>Test",5,"svmLinear",0.93,0.0826666666666667
"Pop25","Train0.25_Test0.75","Test>Train",1,"knn",0.8826,0.144266666666667
"Pop25","Train0.25_Test0.75","Test>Train",1,"rf",0.8764,0.148533333333333
"Pop25","Train0.25_Test0.75","Test>Train",1,"svmLinear",0.902,0.121333333333333
"Pop25","Train0.25_Test0.75","Test>Train",2,"knn",0.914,0.102933333333333
"Pop25","Train0.25_Test0.75","Test>Train",2,"rf",0.8974,0.1224
"Pop25","Train0.25_Test0.75","Test>Train",2,"svmLinear",0.9116,0.107733333333333
"Pop25","Train0.25_Test0.75","Test>Train",3,"knn",0.9068,0.111733333333333
"Pop25","Train0.25_Test0.75","Test>Train",3,"rf",0.8778,0.146933333333333
"Pop25","Train0.25_Test0.75","Test>Train",3,"svmLinear",0.9252,0.0872
"Pop25","Train0.25_Test0.75","Test>Train",4,"knn",0.8938,0.127733333333333
"Pop25","Train0.25_Test0.75","Test>Train",4,"rf",0.8802,0.143733333333333
"Pop25","Train0.25_Test0.75","Test>Train",4,"svmLinear",0.908,0.111466666666667
"Pop25","Train0.25_Test0.75","Test>Train",5,"knn",0.901,0.118933333333333
"Pop25","Train0.25_Test0.75","Test>Train",5,"rf",0.8828,0.140533333333333
"Pop25","Train0.25_Test0.75","Test>Train",5,"svmLinear",0.9164,0.0989333333333333
"Pop25","Train0.25_Test0.50","Equal",1,"knn",0.9194,0.1272
"Pop25","Train0.25_Test0.50","Equal",1,"rf",0.905,0.1476
"Pop25","Train0.25_Test0.50","Equal",1,"svmLinear",0.929,0.1116
"Pop25","Train0.25_Test0.50","Equal",2,"knn",0.9154,0.1344
"Pop25","Train0.25_Test0.50","Equal",2,"rf",0.902,0.1504
"Pop25","Train0.25_Test0.50","Equal",2,"svmLinear",0.9218,0.1244
"Pop25","Train0.25_Test0.50","Equal",3,"knn",0.9248,0.1228
"Pop25","Train0.25_Test0.50","Equal",3,"rf",0.9162,0.122
"Pop25","Train0.25_Test0.50","Equal",3,"svmLinear",0.9342,0.1048
"Pop25","Train0.25_Test0.50","Equal",4,"knn",0.9278,0.1024
"Pop25","Train0.25_Test0.50","Equal",4,"rf",0.9146,0.12
"Pop25","Train0.25_Test0.50","Equal",4,"svmLinear",0.9348,0.09
"Pop25","Train0.25_Test0.50","Equal",5,"knn",0.916,0.1296
"Pop25","Train0.25_Test0.50","Equal",5,"rf",0.9024,0.1528
"Pop25","Train0.25_Test0.50","Equal",5,"svmLinear",0.9292,0.1056
"Pop25","Train0.25_Test0.50","Train>Test",1,"knn",0.918,0.132
"Pop25","Train0.25_Test0.50","Train>Test",1,"rf",0.904,0.144
"Pop25","Train0.25_Test0.50","Train>Test",1,"svmLinear",0.924,0.12
"Pop25","Train0.25_Test0.50","Train>Test",2,"knn",0.917,0.128
"Pop25","Train0.25_Test0.50","Train>Test",2,"rf",0.917,0.128
"Pop25","Train0.25_Test0.50","Train>Test",2,"svmLinear",0.93,0.108
"Pop25","Train0.25_Test0.50","Train>Test",3,"knn",0.93,0.104
"Pop25","Train0.25_Test0.50","Train>Test",3,"rf",0.909,0.144
"Pop25","Train0.25_Test0.50","Train>Test",3,"svmLinear",0.937,0.098
"Pop25","Train0.25_Test0.50","Train>Test",4,"knn",0.919,0.128
"Pop25","Train0.25_Test0.50","Train>Test",4,"rf",0.899,0.158
"Pop25","Train0.25_Test0.50","Train>Test",4,"svmLinear",0.931,0.112
"Pop25","Train0.25_Test0.50","Train>Test",5,"knn",0.936,0.1
"Pop25","Train0.25_Test0.50","Train>Test",5,"rf",0.921,0.13
"Pop25","Train0.25_Test0.50","Train>Test",5,"svmLinear",0.932,0.104
"Pop25","Train0.25_Test0.50","Test>Train",1,"knn",0.9104,0.1416
"Pop25","Train0.25_Test0.50","Test>Train",1,"rf",0.9012,0.1528
"Pop25","Train0.25_Test0.50","Test>Train",1,"svmLinear",0.9236,0.1228
"Pop25","Train0.25_Test0.50","Test>Train",2,"knn",0.9232,0.124
"Pop25","Train0.25_Test0.50","Test>Train",2,"rf",0.9092,0.1356
"Pop25","Train0.25_Test0.50","Test>Train",2,"svmLinear",0.9388,0.092
"Pop25","Train0.25_Test0.50","Test>Train",3,"knn",0.9216,0.112
"Pop25","Train0.25_Test0.50","Test>Train",3,"rf",0.9048,0.1444
"Pop25","Train0.25_Test0.50","Test>Train",3,"svmLinear",0.9326,0.0988
"Pop25","Train0.25_Test0.50","Test>Train",4,"knn",0.9172,0.1224
"Pop25","Train0.25_Test0.50","Test>Train",4,"rf",0.8952,0.1616
"Pop25","Train0.25_Test0.50","Test>Train",4,"svmLinear",0.9262,0.1124
"Pop25","Train0.25_Test0.50","Test>Train",5,"knn",0.9242,0.1148
"Pop25","Train0.25_Test0.50","Test>Train",5,"rf",0.8988,0.1512
"Pop25","Train0.25_Test0.50","Test>Train",5,"svmLinear",0.9272,0.1108
"Pop25","Train0.25_Test0.25","Equal",1,"knn",0.945,0.1192
"Pop25","Train0.25_Test0.25","Equal",1,"rf",0.9346,0.1376
"Pop25","Train0.25_Test0.25","Equal",1,"svmLinear",0.9504,0.104
"Pop25","Train0.25_Test0.25","Equal",2,"knn",0.9438,0.1032
"Pop25","Train0.25_Test0.25","Equal",2,"rf",0.9298,0.1384
"Pop25","Train0.25_Test0.25","Equal",2,"svmLinear",0.9512,0.1024
"Pop25","Train0.25_Test0.25","Equal",3,"knn",0.9406,0.1184
"Pop25","Train0.25_Test0.25","Equal",3,"rf",0.9386,0.1184
"Pop25","Train0.25_Test0.25","Equal",3,"svmLinear",0.9472,0.1064
"Pop25","Train0.25_Test0.25","Equal",4,"knn",0.9442,0.1264
"Pop25","Train0.25_Test0.25","Equal",4,"rf",0.9366,0.1392
"Pop25","Train0.25_Test0.25","Equal",4,"svmLinear",0.948,0.1144
"Pop25","Train0.25_Test0.25","Equal",5,"knn",0.9444,0.1152
"Pop25","Train0.25_Test0.25","Equal",5,"rf",0.9314,0.1464
"Pop25","Train0.25_Test0.25","Equal",5,"svmLinear",0.9476,0.1
"Pop25","Train0.25_Test0.25","Train>Test",1,"knn",0.937,0.136
"Pop25","Train0.25_Test0.25","Train>Test",1,"rf",0.927,0.152
"Pop25","Train0.25_Test0.25","Train>Test",1,"svmLinear",0.948,0.108
"Pop25","Train0.25_Test0.25","Train>Test",2,"knn",0.941,0.104
"Pop25","Train0.25_Test0.25","Train>Test",2,"rf",0.931,0.14
"Pop25","Train0.25_Test0.25","Train>Test",2,"svmLinear",0.949,0.096
"Pop25","Train0.25_Test0.25","Train>Test",3,"knn",0.945,0.108
"Pop25","Train0.25_Test0.25","Train>Test",3,"rf",0.934,0.104
"Pop25","Train0.25_Test0.25","Train>Test",3,"svmLinear",0.953,0.092
"Pop25","Train0.25_Test0.25","Train>Test",4,"knn",0.947,0.128
"Pop25","Train0.25_Test0.25","Train>Test",4,"rf",0.942,0.124
"Pop25","Train0.25_Test0.25","Train>Test",4,"svmLinear",0.947,0.128
"Pop25","Train0.25_Test0.25","Train>Test",5,"knn",0.942,0.136
"Pop25","Train0.25_Test0.25","Train>Test",5,"rf",0.938,0.136
"Pop25","Train0.25_Test0.25","Train>Test",5,"svmLinear",0.949,0.124
"Pop25","Train0.25_Test0.25","Test>Train",1,"knn",0.9392,0.14
"Pop25","Train0.25_Test0.25","Test>Train",1,"rf",0.9308,0.1512
"Pop25","Train0.25_Test0.25","Test>Train",1,"svmLinear",0.9498,0.1136
"Pop25","Train0.25_Test0.25","Test>Train",2,"knn",0.9378,0.1136
"Pop25","Train0.25_Test0.25","Test>Train",2,"rf",0.923,0.1424
"Pop25","Train0.25_Test0.25","Test>Train",2,"svmLinear",0.9468,0.1056
"Pop25","Train0.25_Test0.25","Test>Train",3,"knn",0.9402,0.116
"Pop25","Train0.25_Test0.25","Test>Train",3,"rf",0.9264,0.136
"Pop25","Train0.25_Test0.25","Test>Train",3,"svmLinear",0.9482,0.0976
"Pop25","Train0.25_Test0.25","Test>Train",4,"knn",0.9418,0.124
"Pop25","Train0.25_Test0.25","Test>Train",4,"rf",0.9212,0.1392
"Pop25","Train0.25_Test0.25","Test>Train",4,"svmLinear",0.9454,0.0944
"Pop25","Train0.25_Test0.25","Test>Train",5,"knn",0.941,0.1312
"Pop25","Train0.25_Test0.25","Test>Train",5,"rf",0.9206,0.1848
"Pop25","Train0.25_Test0.25","Test>Train",5,"svmLinear",0.944,0.1032
"Pop50","Train0.50_Test0.75","Equal",1,"knn",0.9378,0.0650666666666667
"Pop50","Train0.50_Test0.75","Equal",1,"rf",0.9366,0.0608
"Pop50","Train0.50_Test0.75","Equal",1,"svmLinear",0.9508,0.0493333333333333
"Pop50","Train0.50_Test0.75","Equal",2,"knn",0.9364,0.0624
"Pop50","Train0.50_Test0.75","Equal",2,"rf",0.9322,0.0653333333333333
"Pop50","Train0.50_Test0.75","Equal",2,"svmLinear",0.9422,0.0554666666666667
"Pop50","Train0.50_Test0.75","Equal",3,"knn",0.9452,0.0509333333333333
"Pop50","Train0.50_Test0.75","Equal",3,"rf",0.9308,0.0664
"Pop50","Train0.50_Test0.75","Equal",3,"svmLinear",0.9488,0.052
"Pop50","Train0.50_Test0.75","Equal",4,"knn",0.9366,0.0608
"Pop50","Train0.50_Test0.75","Equal",4,"rf",0.9246,0.0754666666666667
"Pop50","Train0.50_Test0.75","Equal",4,"svmLinear",0.9426,0.0584
"Pop50","Train0.50_Test0.75","Equal",5,"knn",0.94,0.0616
"Pop50","Train0.50_Test0.75","Equal",5,"rf",0.933,0.0677333333333333
"Pop50","Train0.50_Test0.75","Equal",5,"svmLinear",0.9464,0.0517333333333333
"Pop50","Train0.50_Test0.75","Train>Test",1,"knn",0.94,0.06
"Pop50","Train0.50_Test0.75","Train>Test",1,"rf",0.946,0.0546666666666667
"Pop50","Train0.50_Test0.75","Train>Test",1,"svmLinear",0.958,0.04
"Pop50","Train0.50_Test0.75","Train>Test",2,"knn",0.925,0.0733333333333333
"Pop50","Train0.50_Test0.75","Train>Test",2,"rf",0.936,0.0626666666666667
"Pop50","Train0.50_Test0.75","Train>Test",2,"svmLinear",0.94,0.0586666666666667
"Pop50","Train0.50_Test0.75","Train>Test",3,"knn",0.94,0.0613333333333333
"Pop50","Train0.50_Test0.75","Train>Test",3,"rf",0.928,0.0733333333333333
"Pop50","Train0.50_Test0.75","Train>Test",3,"svmLinear",0.946,0.0533333333333333
"Pop50","Train0.50_Test0.75","Train>Test",4,"knn",0.924,0.0826666666666667
"Pop50","Train0.50_Test0.75","Train>Test",4,"rf",0.914,0.0906666666666667
"Pop50","Train0.50_Test0.75","Train>Test",4,"svmLinear",0.935,0.0706666666666667
"Pop50","Train0.50_Test0.75","Train>Test",5,"knn",0.93,0.072
"Pop50","Train0.50_Test0.75","Train>Test",5,"rf",0.917,0.0866666666666667
"Pop50","Train0.50_Test0.75","Train>Test",5,"svmLinear",0.934,0.0706666666666667
"Pop50","Train0.50_Test0.75","Test>Train",1,"knn",0.9318,0.0696
"Pop50","Train0.50_Test0.75","Test>Train",1,"rf",0.9232,0.0722666666666667
"Pop50","Train0.50_Test0.75","Test>Train",1,"svmLinear",0.9436,0.0549333333333333
"Pop50","Train0.50_Test0.75","Test>Train",2,"knn",0.9376,0.0557333333333333
"Pop50","Train0.50_Test0.75","Test>Train",2,"rf",0.9218,0.0738666666666667
"Pop50","Train0.50_Test0.75","Test>Train",2,"svmLinear",0.944,0.0493333333333333
"Pop50","Train0.50_Test0.75","Test>Train",3,"knn",0.947,0.0530666666666667
"Pop50","Train0.50_Test0.75","Test>Train",3,"rf",0.9374,0.0613333333333333
"Pop50","Train0.50_Test0.75","Test>Train",3,"svmLinear",0.9466,0.0525333333333333
"Pop50","Train0.50_Test0.75","Test>Train",4,"knn",0.9386,0.0594666666666667
"Pop50","Train0.50_Test0.75","Test>Train",4,"rf",0.924,0.0768
"Pop50","Train0.50_Test0.75","Test>Train",4,"svmLinear",0.9436,0.0586666666666667
"Pop50","Train0.50_Test0.75","Test>Train",5,"knn",0.9408,0.0626666666666667
"Pop50","Train0.50_Test0.75","Test>Train",5,"rf",0.9208,0.084
"Pop50","Train0.50_Test0.75","Test>Train",5,"svmLinear",0.944,0.0613333333333333
"Pop50","Train0.50_Test0.50","Equal",1,"knn",0.9386,0.0708
"Pop50","Train0.50_Test0.50","Equal",1,"rf",0.9344,0.0624
"Pop50","Train0.50_Test0.50","Equal",1,"svmLinear",0.9486,0.052
"Pop50","Train0.50_Test0.50","Equal",2,"knn",0.9374,0.0624
"Pop50","Train0.50_Test0.50","Equal",2,"rf",0.9322,0.0624
"Pop50","Train0.50_Test0.50","Equal",2,"svmLinear",0.9458,0.0536
"Pop50","Train0.50_Test0.50","Equal",3,"knn",0.941,0.0556
"Pop50","Train0.50_Test0.50","Equal",3,"rf",0.9302,0.0708
"Pop50","Train0.50_Test0.50","Equal",3,"svmLinear",0.9468,0.0568
"Pop50","Train0.50_Test0.50","Equal",4,"knn",0.9382,0.0568
"Pop50","Train0.50_Test0.50","Equal",4,"rf",0.9268,0.0652
"Pop50","Train0.50_Test0.50","Equal",4,"svmLinear",0.9462,0.048
"Pop50","Train0.50_Test0.50","Equal",5,"knn",0.9418,0.0624
"Pop50","Train0.50_Test0.50","Equal",5,"rf",0.9324,0.068
"Pop50","Train0.50_Test0.50","Equal",5,"svmLinear",0.9468,0.0572
"Pop50","Train0.50_Test0.50","Train>Test",1,"knn",0.941,0.07
"Pop50","Train0.50_Test0.50","Train>Test",1,"rf",0.933,0.064
"Pop50","Train0.50_Test0.50","Train>Test",1,"svmLinear",0.954,0.044
"Pop50","Train0.50_Test0.50","Train>Test",2,"knn",0.947,0.05
"Pop50","Train0.50_Test0.50","Train>Test",2,"rf",0.931,0.08
"Pop50","Train0.50_Test0.50","Train>Test",2,"svmLinear",0.945,0.054
"Pop50","Train0.50_Test0.50","Train>Test",3,"knn",0.935,0.068
"Pop50","Train0.50_Test0.50","Train>Test",3,"rf",0.932,0.058
"Pop50","Train0.50_Test0.50","Train>Test",3,"svmLinear",0.942,0.054
"Pop50","Train0.50_Test0.50","Train>Test",4,"knn",0.937,0.048
"Pop50","Train0.50_Test0.50","Train>Test",4,"rf",0.933,0.064
"Pop50","Train0.50_Test0.50","Train>Test",4,"svmLinear",0.947,0.048
"Pop50","Train0.50_Test0.50","Train>Test",5,"knn",0.931,0.07
"Pop50","Train0.50_Test0.50","Train>Test",5,"rf",0.916,0.092
"Pop50","Train0.50_Test0.50","Train>Test",5,"svmLinear",0.949,0.06
"Pop50","Train0.50_Test0.50","Test>Train",1,"knn",0.9348,0.072
"Pop50","Train0.50_Test0.50","Test>Train",1,"rf",0.9228,0.0744
"Pop50","Train0.50_Test0.50","Test>Train",1,"svmLinear",0.9406,0.0564
"Pop50","Train0.50_Test0.50","Test>Train",2,"knn",0.9332,0.056
"Pop50","Train0.50_Test0.50","Test>Train",2,"rf",0.9186,0.0772
"Pop50","Train0.50_Test0.50","Test>Train",2,"svmLinear",0.9394,0.0516
"Pop50","Train0.50_Test0.50","Test>Train",3,"knn",0.9414,0.0492
"Pop50","Train0.50_Test0.50","Test>Train",3,"rf",0.9336,0.0648
"Pop50","Train0.50_Test0.50","Test>Train",3,"svmLinear",0.9466,0.0436
"Pop50","Train0.50_Test0.50","Test>Train",4,"knn",0.9388,0.0776
"Pop50","Train0.50_Test0.50","Test>Train",4,"rf",0.9298,0.0848
"Pop50","Train0.50_Test0.50","Test>Train",4,"svmLinear",0.9504,0.0584
"Pop50","Train0.50_Test0.50","Test>Train",5,"knn",0.937,0.068
"Pop50","Train0.50_Test0.50","Test>Train",5,"rf",0.9248,0.0796
"Pop50","Train0.50_Test0.50","Test>Train",5,"svmLinear",0.9406,0.0592
"Pop50","Train0.50_Test0.25","Equal",1,"knn",0.9394,0.0696
"Pop50","Train0.50_Test0.25","Equal",1,"rf",0.9312,0.06
"Pop50","Train0.50_Test0.25","Equal",1,"svmLinear",0.9468,0.0536
"Pop50","Train0.50_Test0.25","Equal",2,"knn",0.9396,0.0624
"Pop50","Train0.50_Test0.25","Equal",2,"rf",0.929,0.0704
"Pop50","Train0.50_Test0.25","Equal",2,"svmLinear",0.9498,0.0456
"Pop50","Train0.50_Test0.25","Equal",3,"knn",0.9438,0.048
"Pop50","Train0.50_Test0.25","Equal",3,"rf",0.9322,0.0608
"Pop50","Train0.50_Test0.25","Equal",3,"svmLinear",0.9478,0.0472
"Pop50","Train0.50_Test0.25","Equal",4,"knn",0.9396,0.0576
"Pop50","Train0.50_Test0.25","Equal",4,"rf",0.927,0.0664
"Pop50","Train0.50_Test0.25","Equal",4,"svmLinear",0.947,0.052
"Pop50","Train0.50_Test0.25","Equal",5,"knn",0.9456,0.052
"Pop50","Train0.50_Test0.25","Equal",5,"rf",0.9298,0.0632
"Pop50","Train0.50_Test0.25","Equal",5,"svmLinear",0.9498,0.0512
"Pop50","Train0.50_Test0.25","Train>Test",1,"knn",0.936,0.076
"Pop50","Train0.50_Test0.25","Train>Test",1,"rf",0.925,0.068
"Pop50","Train0.50_Test0.25","Train>Test",1,"svmLinear",0.946,0.048
"Pop50","Train0.50_Test0.25","Train>Test",2,"knn",0.937,0.072
"Pop50","Train0.50_Test0.25","Train>Test",2,"rf",0.935,0.08
"Pop50","Train0.50_Test0.25","Train>Test",2,"svmLinear",0.938,0.06
"Pop50","Train0.50_Test0.25","Train>Test",3,"knn",0.945,0.064
"Pop50","Train0.50_Test0.25","Train>Test",3,"rf",0.938,0.068
"Pop50","Train0.50_Test0.25","Train>Test",3,"svmLinear",0.951,0.056
"Pop50","Train0.50_Test0.25","Train>Test",4,"knn",0.947,0.048
"Pop50","Train0.50_Test0.25","Train>Test",4,"rf",0.944,0.044
"Pop50","Train0.50_Test0.25","Train>Test",4,"svmLinear",0.948,0.056
"Pop50","Train0.50_Test0.25","Train>Test",5,"knn",0.945,0.04
"Pop50","Train0.50_Test0.25","Train>Test",5,"rf",0.94,0.056
"Pop50","Train0.50_Test0.25","Train>Test",5,"svmLinear",0.954,0.02
"Pop50","Train0.50_Test0.25","Test>Train",1,"knn",0.9402,0.0672
"Pop50","Train0.50_Test0.25","Test>Train",1,"rf",0.9248,0.0728
"Pop50","Train0.50_Test0.25","Test>Train",1,"svmLinear",0.94,0.0624
"Pop50","Train0.50_Test0.25","Test>Train",2,"knn",0.9324,0.0528
"Pop50","Train0.50_Test0.25","Test>Train",2,"rf",0.9206,0.0752
"Pop50","Train0.50_Test0.25","Test>Train",2,"svmLinear",0.9378,0.0496
"Pop50","Train0.50_Test0.25","Test>Train",3,"knn",0.9404,0.0736
"Pop50","Train0.50_Test0.25","Test>Train",3,"rf",0.9262,0.0816
"Pop50","Train0.50_Test0.25","Test>Train",3,"svmLinear",0.942,0.0624
"Pop50","Train0.50_Test0.25","Test>Train",4,"knn",0.929,0.0592
"Pop50","Train0.50_Test0.25","Test>Train",4,"rf",0.918,0.076
"Pop50","Train0.50_Test0.25","Test>Train",4,"svmLinear",0.9412,0.0536
"Pop50","Train0.50_Test0.25","Test>Train",5,"knn",0.9372,0.072
"Pop50","Train0.50_Test0.25","Test>Train",5,"rf",0.919,0.0752
"Pop50","Train0.50_Test0.25","Test>Train",5,"svmLinear",0.9444,0.0584
"Pop75","Train0.75_Test0.75","Equal",1,"knn",0.9416,0.0418666666666667
"Pop75","Train0.75_Test0.75","Equal",1,"rf",0.935,0.048
"Pop75","Train0.75_Test0.75","Equal",1,"svmLinear",0.9492,0.0338666666666667
"Pop75","Train0.75_Test0.75","Equal",2,"knn",0.9416,0.04
"Pop75","Train0.75_Test0.75","Equal",2,"rf",0.9304,0.0498666666666667
"Pop75","Train0.75_Test0.75","Equal",2,"svmLinear",0.9476,0.0362666666666667
"Pop75","Train0.75_Test0.75","Equal",3,"knn",0.9372,0.0378666666666667
"Pop75","Train0.75_Test0.75","Equal",3,"rf",0.926,0.048
"Pop75","Train0.75_Test0.75","Equal",3,"svmLinear",0.9402,0.0349333333333333
"Pop75","Train0.75_Test0.75","Equal",4,"knn",0.945,0.0381333333333333
"Pop75","Train0.75_Test0.75","Equal",4,"rf",0.9322,0.0472
"Pop75","Train0.75_Test0.75","Equal",4,"svmLinear",0.9492,0.0365333333333333
"Pop75","Train0.75_Test0.75","Equal",5,"knn",0.9384,0.0429333333333333
"Pop75","Train0.75_Test0.75","Equal",5,"rf",0.933,0.0477333333333333
"Pop75","Train0.75_Test0.75","Equal",5,"svmLinear",0.9468,0.0341333333333333
"Pop75","Train0.75_Test0.75","Train>Test",1,"knn",0.949,0.0373333333333333
"Pop75","Train0.75_Test0.75","Train>Test",1,"rf",0.942,0.0426666666666667
"Pop75","Train0.75_Test0.75","Train>Test",1,"svmLinear",0.955,0.0333333333333333
"Pop75","Train0.75_Test0.75","Train>Test",2,"knn",0.947,0.0346666666666667
"Pop75","Train0.75_Test0.75","Train>Test",2,"rf",0.942,0.048
"Pop75","Train0.75_Test0.75","Train>Test",2,"svmLinear",0.948,0.0333333333333333
"Pop75","Train0.75_Test0.75","Train>Test",3,"knn",0.938,0.052
"Pop75","Train0.75_Test0.75","Train>Test",3,"rf",0.945,0.044
"Pop75","Train0.75_Test0.75","Train>Test",3,"svmLinear",0.942,0.044
"Pop75","Train0.75_Test0.75","Train>Test",4,"knn",0.95,0.0306666666666667
"Pop75","Train0.75_Test0.75","Train>Test",4,"rf",0.94,0.04
"Pop75","Train0.75_Test0.75","Train>Test",4,"svmLinear",0.953,0.0266666666666667
"Pop75","Train0.75_Test0.75","Train>Test",5,"knn",0.941,0.044
"Pop75","Train0.75_Test0.75","Train>Test",5,"rf",0.934,0.0506666666666667
"Pop75","Train0.75_Test0.75","Train>Test",5,"svmLinear",0.946,0.04
"Pop75","Train0.75_Test0.75","Test>Train",1,"knn",0.9394,0.0408
"Pop75","Train0.75_Test0.75","Test>Train",1,"rf",0.9292,0.0525333333333333
"Pop75","Train0.75_Test0.75","Test>Train",1,"svmLinear",0.941,0.0397333333333333
"Pop75","Train0.75_Test0.75","Test>Train",2,"knn",0.934,0.0528
"Pop75","Train0.75_Test0.75","Test>Train",2,"rf",0.9156,0.0666666666666667
"Pop75","Train0.75_Test0.75","Test>Train",2,"svmLinear",0.9408,0.0413333333333333
"Pop75","Train0.75_Test0.75","Test>Train",3,"knn",0.941,0.0426666666666667
"Pop75","Train0.75_Test0.75","Test>Train",3,"rf",0.9262,0.0528
"Pop75","Train0.75_Test0.75","Test>Train",3,"svmLinear",0.9466,0.0357333333333333
"Pop75","Train0.75_Test0.75","Test>Train",4,"knn",0.9342,0.0370666666666667
"Pop75","Train0.75_Test0.75","Test>Train",4,"rf",0.9244,0.0464
"Pop75","Train0.75_Test0.75","Test>Train",4,"svmLinear",0.9424,0.0317333333333333
"Pop75","Train0.75_Test0.75","Test>Train",5,"knn",0.9396,0.0416
"Pop75","Train0.75_Test0.75","Test>Train",5,"rf",0.925,0.0522666666666667
"Pop75","Train0.75_Test0.75","Test>Train",5,"svmLinear",0.9424,0.0349333333333333
"Pop75","Train0.75_Test0.50","Equal",1,"knn",0.9296,0.0408
"Pop75","Train0.75_Test0.50","Equal",1,"rf",0.9128,0.0464
"Pop75","Train0.75_Test0.50","Equal",1,"svmLinear",0.936,0.032
"Pop75","Train0.75_Test0.50","Equal",2,"knn",0.9132,0.0428
"Pop75","Train0.75_Test0.50","Equal",2,"rf",0.9184,0.0424
"Pop75","Train0.75_Test0.50","Equal",2,"svmLinear",0.9244,0.0348
"Pop75","Train0.75_Test0.50","Equal",3,"knn",0.9186,0.0472
"Pop75","Train0.75_Test0.50","Equal",3,"rf",0.9088,0.0492
"Pop75","Train0.75_Test0.50","Equal",3,"svmLinear",0.9276,0.0396
"Pop75","Train0.75_Test0.50","Equal",4,"knn",0.9174,0.0392
"Pop75","Train0.75_Test0.50","Equal",4,"rf",0.9124,0.0476
"Pop75","Train0.75_Test0.50","Equal",4,"svmLinear",0.9286,0.0388
"Pop75","Train0.75_Test0.50","Equal",5,"knn",0.9186,0.0348
"Pop75","Train0.75_Test0.50","Equal",5,"rf",0.9064,0.0444
"Pop75","Train0.75_Test0.50","Equal",5,"svmLinear",0.9282,0.0328
"Pop75","Train0.75_Test0.50","Train>Test",1,"knn",0.929,0.036
"Pop75","Train0.75_Test0.50","Train>Test",1,"rf",0.91,0.044
"Pop75","Train0.75_Test0.50","Train>Test",1,"svmLinear",0.929,0.038
"Pop75","Train0.75_Test0.50","Train>Test",2,"knn",0.925,0.04
"Pop75","Train0.75_Test0.50","Train>Test",2,"rf",0.919,0.048
"Pop75","Train0.75_Test0.50","Train>Test",2,"svmLinear",0.925,0.046
"Pop75","Train0.75_Test0.50","Train>Test",3,"knn",0.922,0.044
"Pop75","Train0.75_Test0.50","Train>Test",3,"rf",0.904,0.064
"Pop75","Train0.75_Test0.50","Train>Test",3,"svmLinear",0.93,0.034
"Pop75","Train0.75_Test0.50","Train>Test",4,"knn",0.914,0.046
"Pop75","Train0.75_Test0.50","Train>Test",4,"rf",0.898,0.054
"Pop75","Train0.75_Test0.50","Train>Test",4,"svmLinear",0.921,0.034
"Pop75","Train0.75_Test0.50","Train>Test",5,"knn",0.913,0.032
"Pop75","Train0.75_Test0.50","Train>Test",5,"rf",0.904,0.04
"Pop75","Train0.75_Test0.50","Train>Test",5,"svmLinear",0.924,0.016
"Pop75","Train0.75_Test0.50","Test>Train",1,"knn",0.9232,0.0392
"Pop75","Train0.75_Test0.50","Test>Train",1,"rf",0.9132,0.0516
"Pop75","Train0.75_Test0.50","Test>Train",1,"svmLinear",0.9334,0.0384
"Pop75","Train0.75_Test0.50","Test>Train",2,"knn",0.911,0.038
"Pop75","Train0.75_Test0.50","Test>Train",2,"rf",0.894,0.0496
"Pop75","Train0.75_Test0.50","Test>Train",2,"svmLinear",0.9152,0.0292
"Pop75","Train0.75_Test0.50","Test>Train",3,"knn",0.9038,0.0424
"Pop75","Train0.75_Test0.50","Test>Train",3,"rf",0.884,0.0532
"Pop75","Train0.75_Test0.50","Test>Train",3,"svmLinear",0.9176,0.038
"Pop75","Train0.75_Test0.50","Test>Train",4,"knn",0.9112,0.0384
"Pop75","Train0.75_Test0.50","Test>Train",4,"rf",0.8942,0.054
"Pop75","Train0.75_Test0.50","Test>Train",4,"svmLinear",0.9224,0.0352
"Pop75","Train0.75_Test0.50","Test>Train",5,"knn",0.9216,0.0316
"Pop75","Train0.75_Test0.50","Test>Train",5,"rf",0.91,0.0512
"Pop75","Train0.75_Test0.50","Test>Train",5,"svmLinear",0.9288,0.0308
"Pop75","Train0.75_Test0.25","Equal",1,"knn",0.918,0.0408
"Pop75","Train0.75_Test0.25","Equal",1,"rf",0.8982,0.0448
"Pop75","Train0.75_Test0.25","Equal",1,"svmLinear",0.9222,0.0296
"Pop75","Train0.75_Test0.25","Equal",2,"knn",0.906,0.04
"Pop75","Train0.75_Test0.25","Equal",2,"rf",0.8888,0.052
"Pop75","Train0.75_Test0.25","Equal",2,"svmLinear",0.9136,0.0368
"Pop75","Train0.75_Test0.25","Equal",3,"knn",0.9082,0.0528
"Pop75","Train0.75_Test0.25","Equal",3,"rf",0.889,0.0448
"Pop75","Train0.75_Test0.25","Equal",3,"svmLinear",0.9118,0.0472
"Pop75","Train0.75_Test0.25","Equal",4,"knn",0.8992,0.0464
"Pop75","Train0.75_Test0.25","Equal",4,"rf",0.8876,0.0504
"Pop75","Train0.75_Test0.25","Equal",4,"svmLinear",0.9058,0.0384
"Pop75","Train0.75_Test0.25","Equal",5,"knn",0.9012,0.0368
"Pop75","Train0.75_Test0.25","Equal",5,"rf",0.8954,0.0432
"Pop75","Train0.75_Test0.25","Equal",5,"svmLinear",0.9164,0.0312
"Pop75","Train0.75_Test0.25","Train>Test",1,"knn",0.916,0.048
"Pop75","Train0.75_Test0.25","Train>Test",1,"rf",0.886,0.056
"Pop75","Train0.75_Test0.25","Train>Test",1,"svmLinear",0.912,0.048
"Pop75","Train0.75_Test0.25","Train>Test",2,"knn",0.88,0.056
"Pop75","Train0.75_Test0.25","Train>Test",2,"rf",0.867,0.064
"Pop75","Train0.75_Test0.25","Train>Test",2,"svmLinear",0.89,0.04
"Pop75","Train0.75_Test0.25","Train>Test",3,"knn",0.927,0.028
"Pop75","Train0.75_Test0.25","Train>Test",3,"rf",0.902,0.024
"Pop75","Train0.75_Test0.25","Train>Test",3,"svmLinear",0.927,0.016
"Pop75","Train0.75_Test0.25","Train>Test",4,"knn",0.913,0.032
"Pop75","Train0.75_Test0.25","Train>Test",4,"rf",0.909,0.032
"Pop75","Train0.75_Test0.25","Train>Test",4,"svmLinear",0.924,0.024
"Pop75","Train0.75_Test0.25","Train>Test",5,"knn",0.897,0.032
"Pop75","Train0.75_Test0.25","Train>Test",5,"rf",0.874,0.036
"Pop75","Train0.75_Test0.25","Train>Test",5,"svmLinear",0.905,0.024
"Pop75","Train0.75_Test0.25","Test>Train",1,"knn",0.9034,0.04
"Pop75","Train0.75_Test0.25","Test>Train",1,"rf",0.8928,0.052
"Pop75","Train0.75_Test0.25","Test>Train",1,"svmLinear",0.9118,0.0392
"Pop75","Train0.75_Test0.25","Test>Train",2,"knn",0.9034,0.0336
"Pop75","Train0.75_Test0.25","Test>Train",2,"rf",0.8792,0.044
"Pop75","Train0.75_Test0.25","Test>Train",2,"svmLinear",0.9214,0.0368
"Pop75","Train0.75_Test0.25","Test>Train",3,"knn",0.8984,0.0408
"Pop75","Train0.75_Test0.25","Test>Train",3,"rf",0.8718,0.0504
"Pop75","Train0.75_Test0.25","Test>Train",3,"svmLinear",0.9088,0.0424
"Pop75","Train0.75_Test0.25","Test>Train",4,"knn",0.9092,0.0448
"Pop75","Train0.75_Test0.25","Test>Train",4,"rf",0.8724,0.0592
"Pop75","Train0.75_Test0.25","Test>Train",4,"svmLinear",0.9088,0.0352
"Pop75","Train0.75_Test0.25","Test>Train",5,"knn",0.8948,0.044
"Pop75","Train0.75_Test0.25","Test>Train",5,"rf",0.875,0.0552
"Pop75","Train0.75_Test0.25","Test>Train",5,"svmLinear",0.9092,0.032
