"Population","Case","Size","Replicate","Accuracy","FNR"
"Pop25","Train0.25_Test0.75","Equal",1,0.91,0.106933333333333
"Pop25","Train0.25_Test0.75","Equal",2,0.8972,0.1288
"Pop25","Train0.25_Test0.75","Equal",3,0.9204,0.0936
"Pop25","Train0.25_Test0.75","Equal",4,0.9104,0.101333333333333
"Pop25","Train0.25_Test0.75","Equal",5,0.9066,0.115466666666667
"Pop25","Train0.25_Test0.75","Train>Test",1,0.904,0.112
"Pop25","Train0.25_Test0.75","Train>Test",2,0.926,0.0826666666666667
"Pop25","Train0.25_Test0.75","Train>Test",3,0.918,0.0853333333333333
"Pop25","Train0.25_Test0.75","Train>Test",4,0.931,0.0813333333333333
"Pop25","Train0.25_Test0.75","Train>Test",5,0.929,0.0893333333333333
"Pop25","Train0.25_Test0.75","Test>Train",1,0.8858,0.138666666666667
"Pop25","Train0.25_Test0.75","Test>Train",2,0.8912,0.135733333333333
"Pop25","Train0.25_Test0.75","Test>Train",3,0.9092,0.106666666666667
"Pop25","Train0.25_Test0.75","Test>Train",4,0.9118,0.105333333333333
"Pop25","Train0.25_Test0.75","Test>Train",5,0.911,0.106133333333333
"Pop25","Train0.25_Test0.50","Equal",1,0.9266,0.1112
"Pop25","Train0.25_Test0.50","Equal",2,0.9286,0.104
"Pop25","Train0.25_Test0.50","Equal",3,0.9382,0.0852
"Pop25","Train0.25_Test0.50","Equal",4,0.9232,0.1228
"Pop25","Train0.25_Test0.50","Equal",5,0.9276,0.1072
"Pop25","Train0.25_Test0.50","Train>Test",1,0.927,0.108
"Pop25","Train0.25_Test0.50","Train>Test",2,0.94,0.074
"Pop25","Train0.25_Test0.50","Train>Test",3,0.93,0.09
"Pop25","Train0.25_Test0.50","Train>Test",4,0.938,0.09
"Pop25","Train0.25_Test0.50","Train>Test",5,0.927,0.114
"Pop25","Train0.25_Test0.50","Test>Train",1,0.911,0.1396
"Pop25","Train0.25_Test0.50","Test>Train",2,0.9148,0.1224
"Pop25","Train0.25_Test0.50","Test>Train",3,0.9236,0.118
"Pop25","Train0.25_Test0.50","Test>Train",4,0.91,0.1504
"Pop25","Train0.25_Test0.50","Test>Train",5,0.9306,0.102
"Pop25","Train0.25_Test0.25","Equal",1,0.9486,0.1032
"Pop25","Train0.25_Test0.25","Equal",2,0.9482,0.0936
"Pop25","Train0.25_Test0.25","Equal",3,0.9492,0.104
"Pop25","Train0.25_Test0.25","Equal",4,0.9474,0.1152
"Pop25","Train0.25_Test0.25","Equal",5,0.9436,0.0816
"Pop25","Train0.25_Test0.25","Train>Test",1,0.948,0.096
"Pop25","Train0.25_Test0.25","Train>Test",2,0.943,0.076
"Pop25","Train0.25_Test0.25","Train>Test",3,0.951,0.092
"Pop25","Train0.25_Test0.25","Train>Test",4,0.939,0.148
"Pop25","Train0.25_Test0.25","Train>Test",5,0.955,0.084
"Pop25","Train0.25_Test0.25","Test>Train",1,0.9368,0.1432
"Pop25","Train0.25_Test0.25","Test>Train",2,0.9422,0.0752
"Pop25","Train0.25_Test0.25","Test>Train",3,0.9366,0.1632
"Pop25","Train0.25_Test0.25","Test>Train",4,0.9486,0.0864
"Pop25","Train0.25_Test0.25","Test>Train",5,0.9446,0.092
"Pop50","Train0.50_Test0.75","Equal",1,0.9448,0.0602666666666667
"Pop50","Train0.50_Test0.75","Equal",2,0.9362,0.072
"Pop50","Train0.50_Test0.75","Equal",3,0.9456,0.0514666666666667
"Pop50","Train0.50_Test0.75","Equal",4,0.9408,0.0605333333333333
"Pop50","Train0.50_Test0.75","Equal",5,0.937,0.0685333333333333
"Pop50","Train0.50_Test0.75","Train>Test",1,0.946,0.056
"Pop50","Train0.50_Test0.75","Train>Test",2,0.941,0.052
"Pop50","Train0.50_Test0.75","Train>Test",3,0.948,0.0546666666666667
"Pop50","Train0.50_Test0.75","Train>Test",4,0.932,0.0773333333333333
"Pop50","Train0.50_Test0.75","Train>Test",5,0.944,0.0626666666666667
"Pop50","Train0.50_Test0.75","Test>Train",1,0.936,0.0677333333333333
"Pop50","Train0.50_Test0.75","Test>Train",2,0.926,0.0853333333333333
"Pop50","Train0.50_Test0.75","Test>Train",3,0.9208,0.0914666666666667
"Pop50","Train0.50_Test0.75","Test>Train",4,0.9482,0.0432
"Pop50","Train0.50_Test0.75","Test>Train",5,0.9486,0.0498666666666667
"Pop50","Train0.50_Test0.50","Equal",1,0.9482,0.0604
"Pop50","Train0.50_Test0.50","Equal",2,0.9442,0.0708
"Pop50","Train0.50_Test0.50","Equal",3,0.9428,0.0528
"Pop50","Train0.50_Test0.50","Equal",4,0.9412,0.0604
"Pop50","Train0.50_Test0.50","Equal",5,0.9428,0.0612
"Pop50","Train0.50_Test0.50","Train>Test",1,0.945,0.064
"Pop50","Train0.50_Test0.50","Train>Test",2,0.936,0.06
"Pop50","Train0.50_Test0.50","Train>Test",3,0.946,0.06
"Pop50","Train0.50_Test0.50","Train>Test",4,0.939,0.072
"Pop50","Train0.50_Test0.50","Train>Test",5,0.948,0.066
"Pop50","Train0.50_Test0.50","Test>Train",1,0.94,0.0704
"Pop50","Train0.50_Test0.50","Test>Train",2,0.936,0.0768
"Pop50","Train0.50_Test0.50","Test>Train",3,0.9328,0.0832
"Pop50","Train0.50_Test0.50","Test>Train",4,0.9364,0.0392
"Pop50","Train0.50_Test0.50","Test>Train",5,0.9432,0.0524
"Pop50","Train0.50_Test0.25","Equal",1,0.9484,0.0656
"Pop50","Train0.50_Test0.25","Equal",2,0.9506,0.0784
"Pop50","Train0.50_Test0.25","Equal",3,0.943,0.0528
"Pop50","Train0.50_Test0.25","Equal",4,0.9456,0.0624
"Pop50","Train0.50_Test0.25","Equal",5,0.9436,0.0696
"Pop50","Train0.50_Test0.25","Train>Test",1,0.945,0.06
"Pop50","Train0.50_Test0.25","Train>Test",2,0.943,0.036
"Pop50","Train0.50_Test0.25","Train>Test",3,0.953,0.068
"Pop50","Train0.50_Test0.25","Train>Test",4,0.937,0.072
"Pop50","Train0.50_Test0.25","Train>Test",5,0.946,0.084
"Pop50","Train0.50_Test0.25","Test>Train",1,0.9456,0.0696
"Pop50","Train0.50_Test0.25","Test>Train",2,0.9514,0.0712
"Pop50","Train0.50_Test0.25","Test>Train",3,0.9458,0.0728
"Pop50","Train0.50_Test0.25","Test>Train",4,0.9282,0.0272
"Pop50","Train0.50_Test0.25","Test>Train",5,0.9438,0.0472
"Pop75","Train0.75_Test0.75","Equal",1,0.9486,0.0354666666666667
"Pop75","Train0.75_Test0.75","Equal",2,0.9462,0.0330666666666667
"Pop75","Train0.75_Test0.75","Equal",3,0.9536,0.0365333333333333
"Pop75","Train0.75_Test0.75","Equal",4,0.9462,0.0333333333333333
"Pop75","Train0.75_Test0.75","Equal",5,0.943,0.036
"Pop75","Train0.75_Test0.75","Train>Test",1,0.952,0.036
"Pop75","Train0.75_Test0.75","Train>Test",2,0.948,0.028
"Pop75","Train0.75_Test0.75","Train>Test",3,0.958,0.0306666666666667
"Pop75","Train0.75_Test0.75","Train>Test",4,0.954,0.0293333333333333
"Pop75","Train0.75_Test0.75","Train>Test",5,0.938,0.04
"Pop75","Train0.75_Test0.75","Test>Train",1,0.9402,0.0413333333333333
"Pop75","Train0.75_Test0.75","Test>Train",2,0.9492,0.0341333333333333
"Pop75","Train0.75_Test0.75","Test>Train",3,0.9308,0.0333333333333333
"Pop75","Train0.75_Test0.75","Test>Train",4,0.947,0.0330666666666667
"Pop75","Train0.75_Test0.75","Test>Train",5,0.9444,0.0384
"Pop75","Train0.75_Test0.50","Equal",1,0.9358,0.0344
"Pop75","Train0.75_Test0.50","Equal",2,0.923,0.0296
"Pop75","Train0.75_Test0.50","Equal",3,0.9336,0.0372
"Pop75","Train0.75_Test0.50","Equal",4,0.9288,0.0384
"Pop75","Train0.75_Test0.50","Equal",5,0.9204,0.0276
"Pop75","Train0.75_Test0.50","Train>Test",1,0.926,0.04
"Pop75","Train0.75_Test0.50","Train>Test",2,0.918,0.036
"Pop75","Train0.75_Test0.50","Train>Test",3,0.922,0.034
"Pop75","Train0.75_Test0.50","Train>Test",4,0.915,0.026
"Pop75","Train0.75_Test0.50","Train>Test",5,0.935,0.034
"Pop75","Train0.75_Test0.50","Test>Train",1,0.9282,0.0384
"Pop75","Train0.75_Test0.50","Test>Train",2,0.9288,0.0424
"Pop75","Train0.75_Test0.50","Test>Train",3,0.9358,0.0456
"Pop75","Train0.75_Test0.50","Test>Train",4,0.921,0.0404
"Pop75","Train0.75_Test0.50","Test>Train",5,0.9134,0.0424
"Pop75","Train0.75_Test0.25","Equal",1,0.9202,0.0352
"Pop75","Train0.75_Test0.25","Equal",2,0.911,0.0312
"Pop75","Train0.75_Test0.25","Equal",3,0.9062,0.0328
"Pop75","Train0.75_Test0.25","Equal",4,0.9014,0.0296
"Pop75","Train0.75_Test0.25","Equal",5,0.9298,0.0344
"Pop75","Train0.75_Test0.25","Train>Test",1,0.913,0.052
"Pop75","Train0.75_Test0.25","Train>Test",2,0.923,0.024
"Pop75","Train0.75_Test0.25","Train>Test",3,0.899,0.032
"Pop75","Train0.75_Test0.25","Train>Test",4,0.896,0.02
"Pop75","Train0.75_Test0.25","Train>Test",5,0.899,0.02
"Pop75","Train0.75_Test0.25","Test>Train",1,0.9092,0.04
"Pop75","Train0.75_Test0.25","Test>Train",2,0.888,0.036
"Pop75","Train0.75_Test0.25","Test>Train",3,0.906,0.0368
"Pop75","Train0.75_Test0.25","Test>Train",4,0.8846,0.0264
"Pop75","Train0.75_Test0.25","Test>Train",5,0.9146,0.0376
